Frequency(Hz),Value Type:,RLGC1[1 1] - ( Model1 ),RLGC1[1 2] - ( Model1 ),RLGC1[2 2] - ( Model2 )
1e+08,Resistance,0.363374,0.0311958,0.363374
1e+08,Inductance,1.11378e-08,3.5473e-09,1.11378e-08
1e+08,Conductance,3.26335e-05,-8.13015e-06,3.26335e-05
1e+08,Capacitance,1.94707e-12,-4.06426e-13,1.94707e-12
3e+08,Resistance,0.705079,0.0629604,0.705079
3e+08,Inductance,1.09361e-08,3.53067e-09,1.09361e-08
3e+08,Conductance,9.81726e-05,-2.45731e-05,9.81726e-05
3e+08,Capacitance,1.94687e-12,-4.06268e-13,1.94687e-12
5e+08,Resistance,0.937553,0.0841815,0.937553
5e+08,Inductance,1.08744e-08,3.52513e-09,1.08744e-08
5e+08,Conductance,0.000155287,-3.74425e-05,0.000155287
5e+08,Capacitance,1.94679e-12,-4.06217e-13,1.94679e-12
7e+08,Resistance,1.12363,0.10117,1.12363
7e+08,Inductance,1.08418e-08,3.52219e-09,1.08418e-08
7e+08,Conductance,0.000208497,-4.86391e-05,0.000208497
7e+08,Capacitance,1.94675e-12,-4.06192e-13,1.94675e-12
9e+08,Resistance,1.28298,0.115757,1.28298
9e+08,Inductance,1.08208e-08,3.5203e-09,1.08208e-08
9e+08,Conductance,0.00025957,-5.89162e-05,0.00025957
9e+08,Capacitance,1.94673e-12,-4.06179e-13,1.94673e-12
1.1e+09,Resistance,1.4246,0.12869,1.4246
1.1e+09,Inductance,1.08059e-08,3.51895e-09,1.08059e-08
1.1e+09,Conductance,0.000309211,-6.85766e-05,0.000309211
1.1e+09,Capacitance,1.94672e-12,-4.06168e-13,1.94672e-12
1.3e+09,Resistance,1.55331,0.140429,1.55331
1.3e+09,Inductance,1.07946e-08,3.51792e-09,1.07946e-08
1.3e+09,Conductance,0.000357852,-7.78002e-05,0.000357852
1.3e+09,Capacitance,1.94671e-12,-4.06161e-13,1.94671e-12
1.5e+09,Resistance,1.67208,0.151272,1.67208
1.5e+09,Inductance,1.07856e-08,3.5171e-09,1.07856e-08
1.5e+09,Conductance,0.000405715,-8.66931e-05,0.000405715
1.5e+09,Capacitance,1.94671e-12,-4.06157e-13,1.94671e-12
1.7e+09,Resistance,1.78298,0.161441,1.78298
1.7e+09,Inductance,1.07782e-08,3.51642e-09,1.07782e-08
1.7e+09,Conductance,0.000452978,-9.5351e-05,0.000452978
1.7e+09,Capacitance,1.9467e-12,-4.06152e-13,1.9467e-12
1.9e+09,Resistance,1.88716,0.170841,1.88716
1.9e+09,Inductance,1.07721e-08,3.51586e-09,1.07721e-08
1.9e+09,Conductance,0.000499771,-0.000103755,0.000499771
1.9e+09,Capacitance,1.9467e-12,-4.0615e-13,1.9467e-12
2.1e+09,Resistance,1.98604,0.179958,1.98604
2.1e+09,Inductance,1.07669e-08,3.51539e-09,1.07669e-08
2.1e+09,Conductance,0.000546144,-0.000112022,0.000546144
2.1e+09,Capacitance,1.9467e-12,-4.06149e-13,1.9467e-12
2.3e+09,Resistance,2.08,0.188366,2.08
2.3e+09,Inductance,1.07623e-08,3.51497e-09,1.07623e-08
2.3e+09,Conductance,0.00059217,-0.000120113,0.00059217
2.3e+09,Capacitance,1.9467e-12,-4.06146e-13,1.9467e-12
2.5e+09,Resistance,2.17001,0.196594,2.17001
2.5e+09,Inductance,1.07583e-08,3.51461e-09,1.07583e-08
2.5e+09,Conductance,0.000637876,-0.000128072,0.000637876
2.5e+09,Capacitance,1.9467e-12,-4.06146e-13,1.9467e-12
2.7e+09,Resistance,2.2565,0.204685,2.2565
2.7e+09,Inductance,1.07548e-08,3.51429e-09,1.07548e-08
2.7e+09,Conductance,0.000683326,-0.000135965,0.000683326
2.7e+09,Capacitance,1.9467e-12,-4.06145e-13,1.9467e-12
2.9e+09,Resistance,2.33998,0.212421,2.33998
2.9e+09,Inductance,1.07516e-08,3.51398e-09,1.07516e-08
2.9e+09,Conductance,0.000728513,-0.000143714,0.000728513
2.9e+09,Capacitance,1.9467e-12,-4.06143e-13,1.9467e-12
3.1e+09,Resistance,2.42013,0.219728,2.42013
3.1e+09,Inductance,1.07488e-08,3.51373e-09,1.07488e-08
3.1e+09,Conductance,0.000773544,-0.000151375,0.000773544
3.1e+09,Capacitance,1.9467e-12,-4.06142e-13,1.9467e-12
3.3e+09,Resistance,2.49882,0.227856,2.49882
3.3e+09,Inductance,1.07462e-08,3.51352e-09,1.07462e-08
3.3e+09,Conductance,0.000818253,-0.000159074,0.000818253
3.3e+09,Capacitance,1.94669e-12,-4.06143e-13,1.94669e-12
3.5e+09,Resistance,2.57306,0.233667,2.57306
3.5e+09,Inductance,1.07439e-08,3.51326e-09,1.07439e-08
3.5e+09,Conductance,0.000863029,-0.000166479,0.000863029
3.5e+09,Capacitance,1.94669e-12,-4.06136e-13,1.94669e-12
3.7e+09,Resistance,2.6469,0.240847,2.6469
3.7e+09,Inductance,1.07417e-08,3.5131e-09,1.07417e-08
3.7e+09,Conductance,0.000907417,-0.000173947,0.000907417
3.7e+09,Capacitance,1.94669e-12,-4.0614e-13,1.94669e-12
3.9e+09,Resistance,2.71863,0.245885,2.71863
3.9e+09,Inductance,1.07397e-08,3.51291e-09,1.07397e-08
3.9e+09,Conductance,0.000951519,-0.000180977,0.000951519
3.9e+09,Capacitance,1.94669e-12,-4.0614e-13,1.94669e-12
4.1e+09,Resistance,2.78697,0.253295,2.78697
4.1e+09,Inductance,1.07379e-08,3.51273e-09,1.07379e-08
4.1e+09,Conductance,0.000996085,-0.000188626,0.000996085
4.1e+09,Capacitance,1.9467e-12,-4.06138e-13,1.9467e-12
4.3e+09,Resistance,2.85497,0.259431,2.85497
4.3e+09,Inductance,1.07362e-08,3.51259e-09,1.07362e-08
4.3e+09,Conductance,0.0010401,-0.000195857,0.0010401
4.3e+09,Capacitance,1.94669e-12,-4.0614e-13,1.94669e-12
4.5e+09,Resistance,2.92112,0.265488,2.92112
4.5e+09,Inductance,1.07346e-08,3.51244e-09,1.07346e-08
4.5e+09,Conductance,0.00108407,-0.000203075,0.00108407
4.5e+09,Capacitance,1.94669e-12,-4.0614e-13,1.94669e-12
4.7e+09,Resistance,2.98593,0.271458,2.98593
4.7e+09,Inductance,1.07331e-08,3.5123e-09,1.07331e-08
4.7e+09,Conductance,0.00112792,-0.000210252,0.00112792
4.7e+09,Capacitance,1.94669e-12,-4.06138e-13,1.94669e-12
4.9e+09,Resistance,3.04892,0.277082,3.04892
4.9e+09,Inductance,1.07317e-08,3.51218e-09,1.07317e-08
4.9e+09,Conductance,0.00117175,-0.000217386,0.00117175
4.9e+09,Capacitance,1.94669e-12,-4.0614e-13,1.94669e-12
5.1e+09,Resistance,3.111,0.282964,3.111
5.1e+09,Inductance,1.07303e-08,3.51205e-09,1.07303e-08
5.1e+09,Conductance,0.00121542,-0.000224528,0.00121542
5.1e+09,Capacitance,1.9467e-12,-4.06139e-13,1.9467e-12
5.3e+09,Resistance,3.17187,0.288344,3.17187
5.3e+09,Inductance,1.07291e-08,3.51193e-09,1.07291e-08
5.3e+09,Conductance,0.00125899,-0.000231525,0.00125899
5.3e+09,Capacitance,1.94669e-12,-4.06138e-13,1.94669e-12
5.5e+09,Resistance,3.23122,0.293638,3.23122
5.5e+09,Inductance,1.07279e-08,3.51183e-09,1.07279e-08
5.5e+09,Conductance,0.00130252,-0.000238563,0.00130252
5.5e+09,Capacitance,1.94669e-12,-4.06138e-13,1.94669e-12
5.7e+09,Resistance,3.29024,0.299293,3.29024
5.7e+09,Inductance,1.07268e-08,3.51173e-09,1.07268e-08
5.7e+09,Conductance,0.00134591,-0.000245548,0.00134591
5.7e+09,Capacitance,1.94669e-12,-4.06138e-13,1.94669e-12
5.9e+09,Resistance,3.3478,0.304604,3.3478
5.9e+09,Inductance,1.07257e-08,3.51164e-09,1.07257e-08
5.9e+09,Conductance,0.00138927,-0.000252505,0.00138927
5.9e+09,Capacitance,1.94669e-12,-4.06139e-13,1.94669e-12
6.1e+09,Resistance,3.40413,0.309795,3.40413
6.1e+09,Inductance,1.07247e-08,3.51153e-09,1.07247e-08
6.1e+09,Conductance,0.00143261,-0.000259459,0.00143261
6.1e+09,Capacitance,1.9467e-12,-4.06137e-13,1.9467e-12
6.3e+09,Resistance,3.4597,0.314939,3.4597
6.3e+09,Inductance,1.07238e-08,3.51144e-09,1.07238e-08
6.3e+09,Conductance,0.00147585,-0.000266386,0.00147585
6.3e+09,Capacitance,1.9467e-12,-4.06137e-13,1.9467e-12
6.5e+09,Resistance,3.51399,0.319018,3.51399
6.5e+09,Inductance,1.07229e-08,3.51136e-09,1.07229e-08
6.5e+09,Conductance,0.00151901,-0.0002731,0.00151901
6.5e+09,Capacitance,1.94669e-12,-4.06136e-13,1.94669e-12
6.7e+09,Resistance,3.5684,0.324554,3.5684
6.7e+09,Inductance,1.07221e-08,3.51134e-09,1.07221e-08
6.7e+09,Conductance,0.00156206,-0.000280012,0.00156206
6.7e+09,Capacitance,1.94669e-12,-4.06143e-13,1.94669e-12
6.9e+09,Resistance,3.62229,0.330448,3.62229
6.9e+09,Inductance,1.07212e-08,3.51123e-09,1.07212e-08
6.9e+09,Conductance,0.00160504,-0.000286977,0.00160504
6.9e+09,Capacitance,1.94669e-12,-4.06139e-13,1.94669e-12
7.1e+09,Resistance,3.6734,0.333738,3.6734
7.1e+09,Inductance,1.07203e-08,3.51112e-09,1.07203e-08
7.1e+09,Conductance,0.00164814,-0.000293556,0.00164814
7.1e+09,Capacitance,1.9467e-12,-4.06135e-13,1.9467e-12
7.3e+09,Resistance,3.72457,0.338959,3.72457
7.3e+09,Inductance,1.07196e-08,3.51107e-09,1.07196e-08
7.3e+09,Conductance,0.00169123,-0.000300498,0.00169123
7.3e+09,Capacitance,1.94669e-12,-4.06136e-13,1.94669e-12
7.5e+09,Resistance,3.77569,0.343159,3.77569
7.5e+09,Inductance,1.07189e-08,3.511e-09,1.07189e-08
7.5e+09,Conductance,0.00173401,-0.000307121,0.00173401
7.5e+09,Capacitance,1.94669e-12,-4.06135e-13,1.94669e-12
7.7e+09,Resistance,3.82667,0.347346,3.82667
7.7e+09,Inductance,1.07182e-08,3.51093e-09,1.07182e-08
7.7e+09,Conductance,0.00177665,-0.000313684,0.00177665
7.7e+09,Capacitance,1.94669e-12,-4.06133e-13,1.94669e-12
7.9e+09,Resistance,3.87632,0.352763,3.87632
7.9e+09,Inductance,1.07175e-08,3.51089e-09,1.07175e-08
7.9e+09,Conductance,0.00181951,-0.000320585,0.00181951
7.9e+09,Capacitance,1.9467e-12,-4.0614e-13,1.9467e-12
8.1e+09,Resistance,3.92472,0.356721,3.92472
8.1e+09,Inductance,1.07168e-08,3.51082e-09,1.07168e-08
8.1e+09,Conductance,0.00186231,-0.000327193,0.00186231
8.1e+09,Capacitance,1.9467e-12,-4.06138e-13,1.9467e-12
8.3e+09,Resistance,3.97327,0.361313,3.97327
8.3e+09,Inductance,1.07162e-08,3.51076e-09,1.07162e-08
8.3e+09,Conductance,0.00190501,-0.000333912,0.00190501
8.3e+09,Capacitance,1.9467e-12,-4.06138e-13,1.9467e-12
8.5e+09,Resistance,4.02066,0.366113,4.02066
8.5e+09,Inductance,1.07156e-08,3.5107e-09,1.07156e-08
8.5e+09,Conductance,0.00194778,-0.000340692,0.00194778
8.5e+09,Capacitance,1.9467e-12,-4.06136e-13,1.9467e-12
8.7e+09,Resistance,4.06802,0.369813,4.06802
8.7e+09,Inductance,1.0715e-08,3.51066e-09,1.0715e-08
8.7e+09,Conductance,0.00199029,-0.000347193,0.00199029
8.7e+09,Capacitance,1.9467e-12,-4.06138e-13,1.9467e-12
8.9e+09,Resistance,4.11466,0.374145,4.11466
8.9e+09,Inductance,1.07145e-08,3.5106e-09,1.07145e-08
8.9e+09,Conductance,0.00203288,-0.000353808,0.00203288
8.9e+09,Capacitance,1.9467e-12,-4.06137e-13,1.9467e-12
9.1e+09,Resistance,4.161,0.378779,4.161
9.1e+09,Inductance,1.07139e-08,3.51055e-09,1.07139e-08
9.1e+09,Conductance,0.00207542,-0.000360471,0.00207542
9.1e+09,Capacitance,1.9467e-12,-4.06138e-13,1.9467e-12
9.3e+09,Resistance,4.20673,0.383019,4.20673
9.3e+09,Inductance,1.07134e-08,3.51051e-09,1.07134e-08
9.3e+09,Conductance,0.00211792,-0.000367077,0.00211792
9.3e+09,Capacitance,1.9467e-12,-4.06138e-13,1.9467e-12
9.5e+09,Resistance,4.25115,0.386647,4.25115
9.5e+09,Inductance,1.07129e-08,3.51046e-09,1.07129e-08
9.5e+09,Conductance,0.00216047,-0.000373608,0.00216047
9.5e+09,Capacitance,1.9467e-12,-4.06137e-13,1.9467e-12
9.7e+09,Resistance,4.29687,0.391669,4.29687
9.7e+09,Inductance,1.07124e-08,3.51041e-09,1.07124e-08
9.7e+09,Conductance,0.00220281,-0.000380255,0.00220281
9.7e+09,Capacitance,1.9467e-12,-4.06136e-13,1.9467e-12
9.9e+09,Resistance,4.34005,0.39475,4.34005
9.9e+09,Inductance,1.07119e-08,3.51038e-09,1.07119e-08
9.9e+09,Conductance,0.00224531,-0.000386703,0.00224531
9.9e+09,Capacitance,1.9467e-12,-4.06139e-13,1.9467e-12
1.01e+10,Resistance,4.38656,0.401714,4.38656
1.01e+10,Inductance,1.07115e-08,3.51035e-09,1.07115e-08
1.01e+10,Conductance,0.00228742,-0.000393586,0.00228742
1.01e+10,Capacitance,1.94669e-12,-4.0614e-13,1.94669e-12
1.03e+10,Resistance,4.42768,0.403284,4.42768
1.03e+10,Inductance,1.0711e-08,3.51031e-09,1.0711e-08
1.03e+10,Conductance,0.00232999,-0.00039983,0.00232999
1.03e+10,Capacitance,1.94669e-12,-4.06139e-13,1.94669e-12
1.05e+10,Resistance,4.46857,0.405377,4.46857
1.05e+10,Inductance,1.07105e-08,3.51024e-09,1.07105e-08
1.05e+10,Conductance,0.00237256,-0.000406127,0.00237256
1.05e+10,Capacitance,1.9467e-12,-4.06138e-13,1.9467e-12
1.07e+10,Resistance,4.5123,0.410275,4.5123
1.07e+10,Inductance,1.07101e-08,3.51019e-09,1.07101e-08
1.07e+10,Conductance,0.00241467,-0.000412719,0.00241467
1.07e+10,Capacitance,1.9467e-12,-4.06136e-13,1.9467e-12
1.09e+10,Resistance,4.55521,0.414563,4.55521
1.09e+10,Inductance,1.07097e-08,3.51016e-09,1.07097e-08
1.09e+10,Conductance,0.00245679,-0.000419201,0.00245679
1.09e+10,Capacitance,1.9467e-12,-4.06137e-13,1.9467e-12
1.11e+10,Resistance,4.59661,0.419054,4.59661
1.11e+10,Inductance,1.07093e-08,3.51013e-09,1.07093e-08
1.11e+10,Conductance,0.00249916,-0.000425842,0.00249916
1.11e+10,Capacitance,1.9467e-12,-4.06137e-13,1.9467e-12
1.13e+10,Resistance,4.6383,0.422491,4.6383
1.13e+10,Inductance,1.07089e-08,3.5101e-09,1.07089e-08
1.13e+10,Conductance,0.00254128,-0.000432223,0.00254128
1.13e+10,Capacitance,1.9467e-12,-4.06139e-13,1.9467e-12
1.15e+10,Resistance,4.6772,0.427446,4.6772
1.15e+10,Inductance,1.07085e-08,3.51005e-09,1.07085e-08
1.15e+10,Conductance,0.002584,-0.000439125,0.002584
1.15e+10,Capacitance,1.9467e-12,-4.06135e-13,1.9467e-12
1.17e+10,Resistance,4.71867,0.430276,4.71867
1.17e+10,Inductance,1.07081e-08,3.51003e-09,1.07081e-08
1.17e+10,Conductance,0.00262589,-0.000445269,0.00262589
1.17e+10,Capacitance,1.9467e-12,-4.0614e-13,1.9467e-12
1.19e+10,Resistance,4.75941,0.433502,4.75941
1.19e+10,Inductance,1.07078e-08,3.51e-09,1.07078e-08
1.19e+10,Conductance,0.00266787,-0.000451564,0.00266787
1.19e+10,Capacitance,1.9467e-12,-4.06141e-13,1.9467e-12
1.21e+10,Resistance,4.79881,0.437354,4.79881
1.21e+10,Inductance,1.07074e-08,3.50995e-09,1.07074e-08
1.21e+10,Conductance,0.00271011,-0.00045807,0.00271011
1.21e+10,Capacitance,1.9467e-12,-4.06136e-13,1.9467e-12
1.23e+10,Resistance,4.83947,0.44064,4.83947
1.23e+10,Inductance,1.07071e-08,3.50992e-09,1.07071e-08
1.23e+10,Conductance,0.00275193,-0.000464282,0.00275193
1.23e+10,Capacitance,1.9467e-12,-4.06137e-13,1.9467e-12
1.25e+10,Resistance,4.87807,0.44478,4.87807
1.25e+10,Inductance,1.07067e-08,3.50989e-09,1.07067e-08
1.25e+10,Conductance,0.00279418,-0.000470871,0.00279418
1.25e+10,Capacitance,1.9467e-12,-4.06137e-13,1.9467e-12
1.27e+10,Resistance,4.91755,0.448454,4.91755
1.27e+10,Inductance,1.07064e-08,3.50986e-09,1.07064e-08
1.27e+10,Conductance,0.00283614,-0.000477219,0.00283614
1.27e+10,Capacitance,1.9467e-12,-4.06136e-13,1.9467e-12
1.29e+10,Resistance,4.95476,0.45021,4.95476
1.29e+10,Inductance,1.07061e-08,3.50983e-09,1.07061e-08
1.29e+10,Conductance,0.00287826,-0.000483379,0.00287826
1.29e+10,Capacitance,1.9467e-12,-4.06137e-13,1.9467e-12
1.31e+10,Resistance,4.99405,0.454507,4.99405
1.31e+10,Inductance,1.07058e-08,3.50981e-09,1.07058e-08
1.31e+10,Conductance,0.00292014,-0.00048982,0.00292014
1.31e+10,Capacitance,1.9467e-12,-4.06138e-13,1.9467e-12
1.33e+10,Resistance,5.03053,0.456829,5.03053
1.33e+10,Inductance,1.07055e-08,3.50976e-09,1.07055e-08
1.33e+10,Conductance,0.00296234,-0.000496075,0.00296234
1.33e+10,Capacitance,1.9467e-12,-4.06135e-13,1.9467e-12
1.35e+10,Resistance,5.06807,0.45972,5.06807
1.35e+10,Inductance,1.07051e-08,3.50971e-09,1.07051e-08
1.35e+10,Conductance,0.00300429,-0.000502314,0.00300429
1.35e+10,Capacitance,1.9467e-12,-4.06133e-13,1.9467e-12
1.37e+10,Resistance,5.10455,0.462288,5.10455
1.37e+10,Inductance,1.07049e-08,3.50975e-09,1.07049e-08
1.37e+10,Conductance,0.00304636,-0.000508606,0.00304636
1.37e+10,Capacitance,1.9467e-12,-4.06141e-13,1.9467e-12
1.39e+10,Resistance,5.14504,0.469343,5.14504
1.39e+10,Inductance,1.07046e-08,3.5097e-09,1.07046e-08
1.39e+10,Conductance,0.00308793,-0.00051537,0.00308793
1.39e+10,Capacitance,1.9467e-12,-4.06139e-13,1.9467e-12
1.41e+10,Resistance,5.1823,0.472499,5.1823
1.41e+10,Inductance,1.07043e-08,3.50967e-09,1.07043e-08
1.41e+10,Conductance,0.00312975,-0.000521629,0.00312975
1.41e+10,Capacitance,1.9467e-12,-4.06136e-13,1.9467e-12
1.43e+10,Resistance,5.21857,0.475402,5.21857
1.43e+10,Inductance,1.0704e-08,3.50965e-09,1.0704e-08
1.43e+10,Conductance,0.00317167,-0.000527897,0.00317167
1.43e+10,Capacitance,1.9467e-12,-4.06137e-13,1.9467e-12
1.45e+10,Resistance,5.25383,0.478252,5.25383
1.45e+10,Inductance,1.07038e-08,3.50961e-09,1.07038e-08
1.45e+10,Conductance,0.00321374,-0.0005342,0.00321374
1.45e+10,Capacitance,1.9467e-12,-4.06136e-13,1.9467e-12
1.47e+10,Resistance,5.29133,0.481421,5.29133
1.47e+10,Inductance,1.07035e-08,3.50959e-09,1.07035e-08
1.47e+10,Conductance,0.00325527,-0.000540317,0.00325527
1.47e+10,Capacitance,1.9467e-12,-4.06137e-13,1.9467e-12
1.49e+10,Resistance,5.32686,0.485666,5.32686
1.49e+10,Inductance,1.07032e-08,3.50957e-09,1.07032e-08
1.49e+10,Conductance,0.00329732,-0.000546899,0.00329732
1.49e+10,Capacitance,1.9467e-12,-4.06137e-13,1.9467e-12
1.51e+10,Resistance,5.36273,0.488793,5.36273
1.51e+10,Inductance,1.0703e-08,3.50955e-09,1.0703e-08
1.51e+10,Conductance,0.00333905,-0.000553142,0.00333905
1.51e+10,Capacitance,1.9467e-12,-4.06138e-13,1.9467e-12
1.53e+10,Resistance,5.39917,0.491485,5.39917
1.53e+10,Inductance,1.07027e-08,3.50952e-09,1.07027e-08
1.53e+10,Conductance,0.00338059,-0.000559176,0.00338059
1.53e+10,Capacitance,1.9467e-12,-4.06136e-13,1.9467e-12
1.55e+10,Resistance,5.43227,0.495935,5.43227
1.55e+10,Inductance,1.07025e-08,3.5095e-09,1.07025e-08
1.55e+10,Conductance,0.00342296,-0.000565947,0.00342296
1.55e+10,Capacitance,1.9467e-12,-4.06137e-13,1.9467e-12
1.57e+10,Resistance,5.46879,0.498842,5.46879
1.57e+10,Inductance,1.07023e-08,3.50948e-09,1.07023e-08
1.57e+10,Conductance,0.00346436,-0.000571988,0.00346436
1.57e+10,Capacitance,1.9467e-12,-4.06137e-13,1.9467e-12
1.59e+10,Resistance,5.50308,0.501331,5.50308
1.59e+10,Inductance,1.0702e-08,3.50945e-09,1.0702e-08
1.59e+10,Conductance,0.00350612,-0.000578135,0.00350612
1.59e+10,Capacitance,1.9467e-12,-4.06136e-13,1.9467e-12
1.61e+10,Resistance,5.53779,0.504452,5.53779
1.61e+10,Inductance,1.07018e-08,3.50945e-09,1.07018e-08
1.61e+10,Conductance,0.00354782,-0.00058438,0.00354782
1.61e+10,Capacitance,1.9467e-12,-4.06139e-13,1.9467e-12
1.63e+10,Resistance,5.57102,0.507076,5.57102
1.63e+10,Inductance,1.07015e-08,3.50941e-09,1.07015e-08
1.63e+10,Conductance,0.00358972,-0.000590625,0.00358972
1.63e+10,Capacitance,1.9467e-12,-4.06136e-13,1.9467e-12
1.65e+10,Resistance,5.60686,0.511195,5.60686
1.65e+10,Inductance,1.07014e-08,3.50941e-09,1.07014e-08
1.65e+10,Conductance,0.00363115,-0.00059688,0.00363115
1.65e+10,Capacitance,1.9467e-12,-4.06138e-13,1.9467e-12
1.67e+10,Resistance,5.63775,0.512259,5.63775
1.67e+10,Inductance,1.07011e-08,3.50938e-09,1.07011e-08
1.67e+10,Conductance,0.00367328,-0.000603017,0.00367328
1.67e+10,Capacitance,1.9467e-12,-4.06137e-13,1.9467e-12
1.69e+10,Resistance,5.6737,0.517022,5.6737
1.69e+10,Inductance,1.07009e-08,3.50931e-09,1.07009e-08
1.69e+10,Conductance,0.00371467,-0.000609352,0.00371467
1.69e+10,Capacitance,1.9467e-12,-4.06131e-13,1.9467e-12
1.71e+10,Resistance,5.71005,0.522865,5.71005
1.71e+10,Inductance,1.07007e-08,3.50933e-09,1.07007e-08
1.71e+10,Conductance,0.00375598,-0.000615881,0.00375598
1.71e+10,Capacitance,1.9467e-12,-4.06136e-13,1.9467e-12
1.73e+10,Resistance,5.74192,0.525103,5.74192
1.73e+10,Inductance,1.07005e-08,3.50931e-09,1.07005e-08
1.73e+10,Conductance,0.00379786,-0.00062208,0.00379786
1.73e+10,Capacitance,1.9467e-12,-4.06136e-13,1.9467e-12
1.75e+10,Resistance,5.77281,0.526011,5.77281
1.75e+10,Inductance,1.07003e-08,3.5093e-09,1.07003e-08
1.75e+10,Conductance,0.00383974,-0.00062806,0.00383974
1.75e+10,Capacitance,1.9467e-12,-4.06138e-13,1.9467e-12
1.77e+10,Resistance,5.80496,0.528305,5.80496
1.77e+10,Inductance,1.07001e-08,3.50928e-09,1.07001e-08
1.77e+10,Conductance,0.00388148,-0.000634196,0.00388148
1.77e+10,Capacitance,1.9467e-12,-4.06137e-13,1.9467e-12
1.79e+10,Resistance,5.8396,0.532087,5.8396
1.79e+10,Inductance,1.06999e-08,3.50927e-09,1.06999e-08
1.79e+10,Conductance,0.00392275,-0.000640376,0.00392275
1.79e+10,Capacitance,1.9467e-12,-4.06137e-13,1.9467e-12
1.81e+10,Resistance,5.87142,0.534829,5.87142
1.81e+10,Inductance,1.06997e-08,3.50925e-09,1.06997e-08
1.81e+10,Conductance,0.00396446,-0.000646597,0.00396446
1.81e+10,Capacitance,1.9467e-12,-4.06137e-13,1.9467e-12
1.83e+10,Resistance,5.90365,0.538628,5.90365
1.83e+10,Inductance,1.06995e-08,3.50924e-09,1.06995e-08
1.83e+10,Conductance,0.00400617,-0.000652974,0.00400617
1.83e+10,Capacitance,1.9467e-12,-4.06138e-13,1.9467e-12
1.85e+10,Resistance,5.93596,0.54071,5.93596
1.85e+10,Inductance,1.06993e-08,3.50921e-09,1.06993e-08
1.85e+10,Conductance,0.00404762,-0.000658952,0.00404762
1.85e+10,Capacitance,1.9467e-12,-4.06138e-13,1.9467e-12
1.87e+10,Resistance,5.96744,0.544788,5.96744
1.87e+10,Inductance,1.06991e-08,3.50919e-09,1.06991e-08
1.87e+10,Conductance,0.00408941,-0.000665424,0.00408941
1.87e+10,Capacitance,1.9467e-12,-4.06136e-13,1.9467e-12
1.89e+10,Resistance,6.0018,0.546414,6.0018
1.89e+10,Inductance,1.0699e-08,3.50919e-09,1.0699e-08
1.89e+10,Conductance,0.0041303,-0.000671076,0.0041303
1.89e+10,Capacitance,1.9467e-12,-4.0614e-13,1.9467e-12
1.91e+10,Resistance,6.03342,0.548817,6.03342
1.91e+10,Inductance,1.06988e-08,3.50915e-09,1.06988e-08
1.91e+10,Conductance,0.00417179,-0.000677124,0.00417179
1.91e+10,Capacitance,1.9467e-12,-4.06136e-13,1.9467e-12
1.93e+10,Resistance,6.06243,0.552826,6.06243
1.93e+10,Inductance,1.06986e-08,3.50915e-09,1.06986e-08
1.93e+10,Conductance,0.00421398,-0.000683816,0.00421398
1.93e+10,Capacitance,1.9467e-12,-4.06139e-13,1.9467e-12
1.95e+10,Resistance,6.09459,0.555103,6.09459
1.95e+10,Inductance,1.06984e-08,3.50912e-09,1.06984e-08
1.95e+10,Conductance,0.00425525,-0.000689745,0.00425525
1.95e+10,Capacitance,1.9467e-12,-4.06135e-13,1.9467e-12
1.97e+10,Resistance,6.12618,0.558102,6.12618
1.97e+10,Inductance,1.06983e-08,3.50912e-09,1.06983e-08
1.97e+10,Conductance,0.00429667,-0.000695911,0.00429667
1.97e+10,Capacitance,1.9467e-12,-4.06138e-13,1.9467e-12
1.99e+10,Resistance,6.15363,0.55911,6.15363
1.99e+10,Inductance,1.06981e-08,3.50911e-09,1.06981e-08
1.99e+10,Conductance,0.00433874,-0.00070206,0.00433874
1.99e+10,Capacitance,1.9467e-12,-4.06137e-13,1.9467e-12
2.01e+10,Resistance,6.18802,0.563691,6.18802
2.01e+10,Inductance,1.06979e-08,3.50908e-09,1.06979e-08
2.01e+10,Conductance,0.00437965,-0.000708179,0.00437965
2.01e+10,Capacitance,1.9467e-12,-4.06137e-13,1.9467e-12
2.03e+10,Resistance,6.21559,0.564125,6.21559
2.03e+10,Inductance,1.06978e-08,3.50905e-09,1.06978e-08
2.03e+10,Conductance,0.00442154,-0.000714123,0.00442154
2.03e+10,Capacitance,1.9467e-12,-4.06135e-13,1.9467e-12
2.05e+10,Resistance,6.25155,0.572062,6.25155
2.05e+10,Inductance,1.06976e-08,3.50905e-09,1.06976e-08
2.05e+10,Conductance,0.0044624,-0.000720809,0.0044624
2.05e+10,Capacitance,1.9467e-12,-4.06136e-13,1.9467e-12
2.07e+10,Resistance,6.27881,0.570855,6.27881
2.07e+10,Inductance,1.06975e-08,3.50904e-09,1.06975e-08
2.07e+10,Conductance,0.00450409,-0.000726402,0.00450409
2.07e+10,Capacitance,1.9467e-12,-4.06136e-13,1.9467e-12
2.09e+10,Resistance,6.31085,0.576589,6.31085
2.09e+10,Inductance,1.06973e-08,3.50902e-09,1.06973e-08
2.09e+10,Conductance,0.00454548,-0.000732999,0.00454548
2.09e+10,Capacitance,1.9467e-12,-4.06137e-13,1.9467e-12
2.11e+10,Resistance,6.34141,0.579125,6.34141
2.11e+10,Inductance,1.06971e-08,3.50901e-09,1.06971e-08
2.11e+10,Conductance,0.00458677,-0.000739035,0.00458677
2.11e+10,Capacitance,1.9467e-12,-4.06137e-13,1.9467e-12
2.13e+10,Resistance,6.36876,0.579486,6.36876
2.13e+10,Inductance,1.0697e-08,3.509e-09,1.0697e-08
2.13e+10,Conductance,0.00462852,-0.000744895,0.00462852
2.13e+10,Capacitance,1.9467e-12,-4.06136e-13,1.9467e-12
2.15e+10,Resistance,6.39936,0.583784,6.39936
2.15e+10,Inductance,1.06969e-08,3.50899e-09,1.06969e-08
2.15e+10,Conductance,0.00466993,-0.000751294,0.00466993
2.15e+10,Capacitance,1.9467e-12,-4.06138e-13,1.9467e-12
2.17e+10,Resistance,6.42938,0.586091,6.42938
2.17e+10,Inductance,1.06967e-08,3.50897e-09,1.06967e-08
2.17e+10,Conductance,0.00471119,-0.000757251,0.00471119
2.17e+10,Capacitance,1.9467e-12,-4.06136e-13,1.9467e-12
2.19e+10,Resistance,6.45928,0.589274,6.45928
2.19e+10,Inductance,1.06966e-08,3.50896e-09,1.06966e-08
2.19e+10,Conductance,0.00475255,-0.000763433,0.00475255
2.19e+10,Capacitance,1.9467e-12,-4.06138e-13,1.9467e-12
2.21e+10,Resistance,6.48881,0.592067,6.48881
2.21e+10,Inductance,1.06964e-08,3.50896e-09,1.06964e-08
2.21e+10,Conductance,0.00479394,-0.000769542,0.00479394
2.21e+10,Capacitance,1.9467e-12,-4.0614e-13,1.9467e-12
2.23e+10,Resistance,6.51718,0.593163,6.51718
2.23e+10,Inductance,1.06963e-08,3.50893e-09,1.06963e-08
2.23e+10,Conductance,0.00483533,-0.000775399,0.00483533
2.23e+10,Capacitance,1.9467e-12,-4.06138e-13,1.9467e-12
2.25e+10,Resistance,6.54649,0.596071,6.54649
2.25e+10,Inductance,1.06961e-08,3.50892e-09,1.06961e-08
2.25e+10,Conductance,0.00487668,-0.000781513,0.00487668
2.25e+10,Capacitance,1.9467e-12,-4.06138e-13,1.9467e-12
2.27e+10,Resistance,6.57439,0.59964,6.57439
2.27e+10,Inductance,1.0696e-08,3.50889e-09,1.0696e-08
2.27e+10,Conductance,0.00491836,-0.000787916,0.00491836
2.27e+10,Capacitance,1.9467e-12,-4.06134e-13,1.9467e-12
2.29e+10,Resistance,6.60281,0.600878,6.60281
2.29e+10,Inductance,1.06959e-08,3.50888e-09,1.06959e-08
2.29e+10,Conductance,0.00495967,-0.00079378,0.00495967
2.29e+10,Capacitance,1.9467e-12,-4.06133e-13,1.9467e-12
2.31e+10,Resistance,6.63244,0.605569,6.63244
2.31e+10,Inductance,1.06957e-08,3.50888e-09,1.06957e-08
2.31e+10,Conductance,0.00500104,-0.000800226,0.00500104
2.31e+10,Capacitance,1.9467e-12,-4.06136e-13,1.9467e-12
2.33e+10,Resistance,6.66388,0.604939,6.66388
2.33e+10,Inductance,1.06956e-08,3.50888e-09,1.06956e-08
2.33e+10,Conductance,0.00504142,-0.000805286,0.00504142
2.33e+10,Capacitance,1.9467e-12,-4.06139e-13,1.9467e-12
2.35e+10,Resistance,6.69364,0.613828,6.69364
2.35e+10,Inductance,1.06954e-08,3.50883e-09,1.06954e-08
2.35e+10,Conductance,0.00508318,-0.000812584,0.00508318
2.35e+10,Capacitance,1.94671e-12,-4.06133e-13,1.94671e-12
2.37e+10,Resistance,6.71928,0.612858,6.71928
2.37e+10,Inductance,1.06954e-08,3.50887e-09,1.06954e-08
2.37e+10,Conductance,0.00512467,-0.000818198,0.00512467
2.37e+10,Capacitance,1.9467e-12,-4.0614e-13,1.9467e-12
2.39e+10,Resistance,6.74846,0.616312,6.74846
2.39e+10,Inductance,1.06952e-08,3.50884e-09,1.06952e-08
2.39e+10,Conductance,0.00516586,-0.000824331,0.00516586
2.39e+10,Capacitance,1.9467e-12,-4.06138e-13,1.9467e-12
2.41e+10,Resistance,6.77362,0.615259,6.77362
2.41e+10,Inductance,1.06951e-08,3.50883e-09,1.06951e-08
2.41e+10,Conductance,0.00520743,-0.000829929,0.00520743
2.41e+10,Capacitance,1.9467e-12,-4.06138e-13,1.9467e-12
2.43e+10,Resistance,6.80381,0.62107,6.80381
2.43e+10,Inductance,1.0695e-08,3.50882e-09,1.0695e-08
2.43e+10,Conductance,0.00524857,-0.000836448,0.00524857
2.43e+10,Capacitance,1.9467e-12,-4.06137e-13,1.9467e-12
2.45e+10,Resistance,6.83199,0.623452,6.83199
2.45e+10,Inductance,1.06948e-08,3.50881e-09,1.06948e-08
2.45e+10,Conductance,0.0052898,-0.000842476,0.0052898
2.45e+10,Capacitance,1.9467e-12,-4.06139e-13,1.9467e-12
2.47e+10,Resistance,6.8597,0.625849,6.8597
2.47e+10,Inductance,1.06947e-08,3.5088e-09,1.06947e-08
2.47e+10,Conductance,0.00533107,-0.0008485,0.00533107
2.47e+10,Capacitance,1.9467e-12,-4.06138e-13,1.9467e-12
2.49e+10,Resistance,6.88837,0.628225,6.88837
2.49e+10,Inductance,1.06946e-08,3.50877e-09,1.06946e-08
2.49e+10,Conductance,0.00537211,-0.000854407,0.00537211
2.49e+10,Capacitance,1.9467e-12,-4.06136e-13,1.9467e-12
2.51e+10,Resistance,6.91591,0.630643,6.91591
2.51e+10,Inductance,1.06945e-08,3.50876e-09,1.06945e-08
2.51e+10,Conductance,0.00541339,-0.000860432,0.00541339
2.51e+10,Capacitance,1.9467e-12,-4.06137e-13,1.9467e-12
2.53e+10,Resistance,6.94345,0.633374,6.94345
2.53e+10,Inductance,1.06944e-08,3.50876e-09,1.06944e-08
2.53e+10,Conductance,0.00545463,-0.000866518,0.00545463
2.53e+10,Capacitance,1.9467e-12,-4.06138e-13,1.9467e-12
2.55e+10,Resistance,6.97013,0.636577,6.97013
2.55e+10,Inductance,1.06943e-08,3.50875e-09,1.06943e-08
2.55e+10,Conductance,0.00549609,-0.000872796,0.00549609
2.55e+10,Capacitance,1.9467e-12,-4.06137e-13,1.9467e-12
2.57e+10,Resistance,6.99694,0.638226,6.99694
2.57e+10,Inductance,1.06941e-08,3.50874e-09,1.06941e-08
2.57e+10,Conductance,0.00553733,-0.000878705,0.00553733
2.57e+10,Capacitance,1.94671e-12,-4.06139e-13,1.94671e-12
2.59e+10,Resistance,7.02467,0.640537,7.02467
2.59e+10,Inductance,1.0694e-08,3.50874e-09,1.0694e-08
2.59e+10,Conductance,0.00557839,-0.000884621,0.00557839
2.59e+10,Capacitance,1.9467e-12,-4.06139e-13,1.9467e-12
2.61e+10,Resistance,7.05333,0.643535,7.05333
2.61e+10,Inductance,1.06939e-08,3.50871e-09,1.06939e-08
2.61e+10,Conductance,0.00561933,-0.000890559,0.00561933
2.61e+10,Capacitance,1.9467e-12,-4.06136e-13,1.9467e-12
2.63e+10,Resistance,7.0776,0.645069,7.0776
2.63e+10,Inductance,1.06938e-08,3.50871e-09,1.06938e-08
2.63e+10,Conductance,0.00566102,-0.00089672,0.00566102
2.63e+10,Capacitance,1.9467e-12,-4.06138e-13,1.9467e-12
2.65e+10,Resistance,9.43074,2.97531,9.43074
2.65e+10,Inductance,8.88228e-09,1.69729e-09,8.88228e-09
2.65e+10,Conductance,0.00544999,-0.00115545,0.00544999
2.65e+10,Capacitance,1.75019e-12,-6.02659e-13,1.75019e-12
2.67e+10,Resistance,10.4549,1.97901,10.4549
2.67e+10,Inductance,7.861e-09,2.74561e-09,7.861e-09
2.67e+10,Conductance,0.00516437,-0.000834521,0.00516437
2.67e+10,Capacitance,1.41276e-12,-2.62292e-13,1.41276e-12
2.69e+10,Resistance,12.8133,4.31511,12.8133
2.69e+10,Inductance,6.09751e-09,9.66826e-10,6.09751e-09
2.69e+10,Conductance,0.00495282,-0.00109392,0.00495282
2.69e+10,Capacitance,1.22313e-12,-4.5696e-13,1.22313e-12
2.71e+10,Resistance,13.8423,3.31964,13.8423
2.71e+10,Inductance,5.11188e-09,2.00504e-09,5.11188e-09
2.71e+10,Conductance,0.00466613,-0.000772578,0.00466613
2.71e+10,Capacitance,8.94566e-13,-1.22684e-13,8.94566e-13
2.73e+10,Resistance,13.8714,3.32069,13.8714
2.73e+10,Inductance,5.15269e-09,2.01606e-09,5.15269e-09
2.73e+10,Conductance,0.00470659,-0.000778028,0.00470659
2.73e+10,Capacitance,9.02269e-13,-1.24759e-13,9.02269e-13
2.75e+10,Resistance,16.2374,5.65853,16.2374
2.75e+10,Inductance,3.44743e-09,2.81414e-10,3.44743e-09
2.75e+10,Conductance,0.00449342,-0.00103696,0.00449342
2.75e+10,Capacitance,7.2048e-13,-3.16182e-13,7.2048e-13
2.77e+10,Resistance,17.2713,4.66045,17.2713
2.77e+10,Inductance,2.5023e-09,1.30208e-09,2.5023e-09
2.77e+10,Conductance,0.00420529,-0.000714445,0.00420529
2.77e+10,Capacitance,4.02657e-13,9.84258e-15,4.02657e-13
2.79e+10,Resistance,17.3038,4.66217,17.3038
2.79e+10,Inductance,2.56096e-09,1.31789e-09,2.56096e-09
2.79e+10,Conductance,0.00424502,-0.000719632,0.00424502
2.79e+10,Capacitance,4.13717e-13,6.86445e-15,4.13717e-13
2.81e+10,Resistance,17.3363,4.66476,17.3363
2.81e+10,Inductance,2.61878e-09,1.33347e-09,2.61878e-09
2.81e+10,Conductance,0.00428475,-0.000724965,0.00428475
2.81e+10,Capacitance,4.2462e-13,3.92841e-15,4.2462e-13
2.83e+10,Resistance,19.7067,7.00492,19.7067
2.83e+10,Inductance,9.79647e-10,-3.47294e-10,9.79647e-10
2.83e+10,Conductance,0.00407076,-0.000983869,0.00407076
2.83e+10,Capacitance,2.51341e-13,-1.82993e-13,2.51341e-13
2.85e+10,Resistance,19.7401,7.00862,19.7401
2.85e+10,Inductance,1.04776e-09,-3.20237e-10,1.04776e-09
2.85e+10,Conductance,0.00411039,-0.000989327,0.00411039
2.85e+10,Capacitance,2.6323e-13,-1.84555e-13,2.6323e-13
2.87e+10,Resistance,19.7733,7.01223,19.7733
2.87e+10,Inductance,1.11491e-09,-2.93556e-10,1.11491e-09
2.87e+10,Conductance,0.00415002,-0.000994792,0.00415002
2.87e+10,Capacitance,2.74953e-13,-1.86096e-13,2.74953e-13
2.89e+10,Resistance,19.8065,7.01591,19.8065
2.89e+10,Inductance,1.18114e-09,-2.67244e-10,1.18114e-09
2.89e+10,Conductance,0.00418963,-0.00100024,0.00418963
2.89e+10,Capacitance,2.86514e-13,-1.87616e-13,2.86514e-13
2.91e+10,Resistance,20.8485,6.01066,20.8485
2.91e+10,Inductance,2.97116e-10,7.08047e-10,2.97116e-10
2.91e+10,Conductance,0.00389874,-0.000675191,0.00389874
2.91e+10,Capacitance,-1.30522e-14,1.21853e-13,-1.30522e-14
2.93e+10,Resistance,23.2253,8.35603,23.2253
2.93e+10,Inductance,-1.27018e-09,-9.11053e-10,-1.27018e-09
2.93e+10,Conductance,0.00368382,-0.000934493,0.00368382
2.93e+10,Capacitance,-1.77435e-13,-5.9496e-14,-1.77435e-13
2.95e+10,Resistance,23.2601,8.35966,23.2601
2.95e+10,Inductance,-1.18912e-09,-8.81093e-10,-1.18912e-09
2.95e+10,Conductance,0.003723,-0.000939736,0.003723
2.95e+10,Capacitance,-1.63044e-13,-6.18418e-14,-1.63044e-13
2.97e+10,Resistance,23.2944,8.36296,23.2944
2.97e+10,Inductance,-1.10916e-09,-8.51535e-10,-1.10916e-09
2.97e+10,Conductance,0.00376224,-0.000944957,0.00376224
2.97e+10,Capacitance,-1.48846e-13,-6.41563e-14,-1.48846e-13
2.99e+10,Resistance,23.329,8.36668,23.329
2.99e+10,Inductance,-1.03026e-09,-8.2237e-10,-1.03026e-09
2.99e+10,Conductance,0.00380143,-0.000950214,0.00380143
2.99e+10,Capacitance,-1.3484e-13,-6.64402e-14,-1.3484e-13
3.01e+10,Resistance,23.3639,8.37101,23.3639
3.01e+10,Inductance,-9.52411e-10,-7.93595e-10,-9.52411e-10
3.01e+10,Conductance,0.00384057,-0.000955561,0.00384057
3.01e+10,Capacitance,-1.21018e-13,-6.86935e-14,-1.21018e-13
3.03e+10,Resistance,23.3976,8.37421,23.3976
3.03e+10,Inductance,-8.75591e-10,-7.65199e-10,-8.75591e-10
3.03e+10,Conductance,0.00387986,-0.000960764,0.00387986
3.03e+10,Capacitance,-1.0738e-13,-7.09171e-14,-1.0738e-13
3.05e+10,Resistance,23.4312,8.37742,23.4312
3.05e+10,Inductance,-7.99782e-10,-7.37178e-10,-7.99782e-10
3.05e+10,Conductance,0.00391913,-0.000965988,0.00391913
3.05e+10,Capacitance,-9.39194e-14,-7.31113e-14,-9.39194e-14
3.07e+10,Resistance,23.465,8.38092,23.465
3.07e+10,Inductance,-7.2496e-10,-7.09521e-10,-7.2496e-10
3.07e+10,Conductance,0.00395839,-0.000971261,0.00395839
3.07e+10,Capacitance,-8.06345e-14,-7.52772e-14,-8.06345e-14
3.09e+10,Resistance,23.4984,8.38436,23.4984
3.09e+10,Inductance,-6.51103e-10,-6.82219e-10,-6.51103e-10
3.09e+10,Conductance,0.00399768,-0.000976502,0.00399768
3.09e+10,Capacitance,-6.75219e-14,-7.74154e-14,-6.75219e-14
3.11e+10,Resistance,23.5319,8.3879,23.5319
3.11e+10,Inductance,-5.78202e-10,-6.55272e-10,-5.78202e-10
3.11e+10,Conductance,0.00403696,-0.000981782,0.00403696
3.11e+10,Capacitance,-5.45774e-14,-7.95256e-14,-5.45774e-14
3.13e+10,Resistance,23.565,8.39113,23.565
3.13e+10,Inductance,-5.06232e-10,-6.28668e-10,-5.06232e-10
3.13e+10,Conductance,0.00407625,-0.000987021,0.00407625
3.13e+10,Capacitance,-4.17985e-14,-8.16092e-14,-4.17985e-14
3.15e+10,Resistance,23.5979,8.39444,23.5979
3.15e+10,Inductance,-4.35176e-10,-6.02402e-10,-4.35176e-10
3.15e+10,Conductance,0.00411557,-0.000992307,0.00411557
3.15e+10,Capacitance,-2.91817e-14,-8.36664e-14,-2.91817e-14
3.17e+10,Resistance,23.6308,8.39788,23.6308
3.17e+10,Inductance,-3.65017e-10,-5.76467e-10,-3.65017e-10
3.17e+10,Conductance,0.0041549,-0.000997598,0.0041549
3.17e+10,Capacitance,-1.67241e-14,-8.56975e-14,-1.67241e-14
3.19e+10,Resistance,23.6637,8.40134,23.6637
3.19e+10,Inductance,-2.95739e-10,-5.50858e-10,-2.95739e-10
3.19e+10,Conductance,0.00419422,-0.00100288,0.00419422
3.19e+10,Capacitance,-4.42258e-15,-8.77032e-14,-4.42258e-15
3.21e+10,Resistance,23.6962,8.40463,23.6962
3.21e+10,Inductance,-2.27324e-10,-5.25568e-10,-2.27324e-10
3.21e+10,Conductance,0.00423358,-0.00100818,0.00423358
3.21e+10,Capacitance,7.72566e-15,-8.9684e-14,7.72566e-15
3.23e+10,Resistance,23.7286,8.40794,23.7286
3.23e+10,Inductance,-1.59759e-10,-5.00591e-10,-1.59759e-10
3.23e+10,Conductance,0.00427294,-0.00101348,0.00427294
3.23e+10,Capacitance,1.97237e-14,-9.16402e-14,1.97237e-14
3.25e+10,Resistance,23.7609,8.41127,23.7609
3.25e+10,Inductance,-9.3024e-11,-4.75922e-10,-9.3024e-11
3.25e+10,Conductance,0.00431227,-0.00101878,0.00431227
3.25e+10,Capacitance,3.15741e-14,-9.35725e-14,3.15741e-14
3.27e+10,Resistance,23.7931,8.41454,23.7931
3.27e+10,Inductance,-2.71073e-11,-4.51555e-10,-2.71073e-11
3.27e+10,Conductance,0.00435166,-0.00102407,0.00435166
3.27e+10,Capacitance,4.32796e-14,-9.54812e-14,4.32796e-14
3.29e+10,Resistance,23.825,8.41792,23.825
3.29e+10,Inductance,3.80079e-11,-4.27484e-10,3.80079e-11
3.29e+10,Conductance,0.00439102,-0.00102938,0.00439102
3.29e+10,Capacitance,5.48427e-14,-9.73665e-14,5.48427e-14
3.31e+10,Resistance,23.8569,8.42111,23.8569
3.31e+10,Inductance,1.02336e-10,-4.03704e-10,1.02336e-10
3.31e+10,Conductance,0.00443042,-0.00103468,0.00443042
3.31e+10,Capacitance,6.62662e-14,-9.92291e-14,6.62662e-14
3.33e+10,Resistance,23.8886,8.42436,23.8886
3.33e+10,Inductance,1.65891e-10,-3.8021e-10,1.65891e-10
3.33e+10,Conductance,0.0044698,-0.00103998,0.0044698
3.33e+10,Capacitance,7.75527e-14,-1.0107e-13,7.75527e-14
3.35e+10,Resistance,23.9201,8.42764,23.9201
3.35e+10,Inductance,2.28685e-10,-3.56995e-10,2.28685e-10
3.35e+10,Conductance,0.00450922,-0.00104531,0.00450922
3.35e+10,Capacitance,8.87044e-14,-1.02888e-13,8.87044e-14
3.37e+10,Resistance,23.9515,8.43088,23.9515
3.37e+10,Inductance,2.90735e-10,-3.34058e-10,2.90735e-10
3.37e+10,Conductance,0.00454866,-0.00105063,0.00454866
3.37e+10,Capacitance,9.97238e-14,-1.04685e-13,9.97238e-14
3.39e+10,Resistance,23.9827,8.43407,23.9827
3.39e+10,Inductance,3.52051e-10,-3.1139e-10,3.52051e-10
3.39e+10,Conductance,0.0045881,-0.00105597,0.0045881
3.39e+10,Capacitance,1.10613e-13,-1.06461e-13,1.10613e-13
3.41e+10,Resistance,24.0139,8.43724,24.0139
3.41e+10,Inductance,4.12647e-10,-2.88988e-10,4.12647e-10
3.41e+10,Conductance,0.00462753,-0.00106129,0.00462753
3.41e+10,Capacitance,1.21375e-13,-1.08215e-13,1.21375e-13
3.43e+10,Resistance,24.0449,8.4404,24.0449
3.43e+10,Inductance,4.72538e-10,-2.66848e-10,4.72538e-10
3.43e+10,Conductance,0.00466694,-0.00106658,0.00466694
3.43e+10,Capacitance,1.32011e-13,-1.09949e-13,1.32011e-13
3.45e+10,Resistance,24.0757,8.44377,24.0757
3.45e+10,Inductance,5.31731e-10,-2.44964e-10,5.31731e-10
3.45e+10,Conductance,0.00470648,-0.00107198,0.00470648
3.45e+10,Capacitance,1.42525e-13,-1.11664e-13,1.42525e-13
3.47e+10,Resistance,24.1065,8.44672,24.1065
3.47e+10,Inductance,5.90244e-10,-2.23335e-10,5.90244e-10
3.47e+10,Conductance,0.00474589,-0.00107728,0.00474589
3.47e+10,Capacitance,1.52916e-13,-1.13358e-13,1.52916e-13
3.49e+10,Resistance,24.1372,8.44981,24.1372
3.49e+10,Inductance,6.48085e-10,-2.01952e-10,6.48085e-10
3.49e+10,Conductance,0.00478534,-0.0010826,0.00478534
3.49e+10,Capacitance,1.63189e-13,-1.15033e-13,1.63189e-13
3.51e+10,Resistance,24.1675,8.45309,24.1675
3.51e+10,Inductance,7.05264e-10,-1.80811e-10,7.05264e-10
3.51e+10,Conductance,0.00482485,-0.00108799,0.00482485
3.51e+10,Capacitance,1.73345e-13,-1.1669e-13,1.73345e-13
3.53e+10,Resistance,24.1981,8.45617,24.1981
3.53e+10,Inductance,7.61797e-10,-1.59911e-10,7.61797e-10
3.53e+10,Conductance,0.00486431,-0.0010933,0.00486431
3.53e+10,Capacitance,1.83386e-13,-1.18327e-13,1.83386e-13
3.55e+10,Resistance,24.2283,8.45926,24.2283
3.55e+10,Inductance,8.17693e-10,-1.39247e-10,8.17693e-10
3.55e+10,Conductance,0.0049038,-0.00109864,0.0049038
3.55e+10,Capacitance,1.93314e-13,-1.19946e-13,1.93314e-13
3.57e+10,Resistance,24.2583,8.46213,24.2583
3.57e+10,Inductance,8.7296e-10,-1.18814e-10,8.7296e-10
3.57e+10,Conductance,0.0049433,-0.00110398,0.0049433
3.57e+10,Capacitance,2.03131e-13,-1.21547e-13,2.03131e-13
3.59e+10,Resistance,24.2884,8.46531,24.2884
3.59e+10,Inductance,9.27613e-10,-9.86101e-11,9.27613e-10
3.59e+10,Conductance,0.00498281,-0.00110933,0.00498281
3.59e+10,Capacitance,2.12838e-13,-1.2313e-13,2.12838e-13
3.61e+10,Resistance,24.3182,8.46813,24.3182
3.61e+10,Inductance,9.81659e-10,-7.86281e-11,9.81659e-10
3.61e+10,Conductance,0.00502231,-0.00111467,0.00502231
3.61e+10,Capacitance,2.22438e-13,-1.24696e-13,2.22438e-13
3.63e+10,Resistance,24.3478,8.4715,24.3478
3.63e+10,Inductance,1.03511e-09,-5.88677e-11,1.03511e-09
3.63e+10,Conductance,0.00506187,-0.00112008,0.00506187
3.63e+10,Capacitance,2.31932e-13,-1.26244e-13,2.31932e-13
3.65e+10,Resistance,24.3777,8.47445,24.3777
3.65e+10,Inductance,1.08797e-09,-3.93226e-11,1.08797e-09
3.65e+10,Conductance,0.00510135,-0.00112541,0.00510135
3.65e+10,Capacitance,2.41322e-13,-1.27775e-13,2.41322e-13
3.67e+10,Resistance,24.4071,8.4773,24.4071
3.67e+10,Inductance,1.14026e-09,-1.99913e-11,1.14026e-09
3.67e+10,Conductance,0.0051409,-0.00113075,0.0051409
3.67e+10,Capacitance,2.50609e-13,-1.2929e-13,2.50609e-13
3.69e+10,Resistance,24.4364,8.48019,24.4364
3.69e+10,Inductance,1.19198e-09,-8.71215e-13,1.19198e-09
3.69e+10,Conductance,0.00518042,-0.00113608,0.00518042
3.69e+10,Capacitance,2.59797e-13,-1.30788e-13,2.59797e-13
3.71e+10,Resistance,24.4654,8.48274,24.4654
3.71e+10,Inductance,1.24314e-09,1.8046e-11,1.24314e-09
3.71e+10,Conductance,0.00521999,-0.0011414,0.00521999
3.71e+10,Capacitance,2.68885e-13,-1.3227e-13,2.68885e-13
3.73e+10,Resistance,24.4952,8.48625,24.4952
3.73e+10,Inductance,1.29376e-09,3.67567e-11,1.29376e-09
3.73e+10,Conductance,0.00525948,-0.00114682,0.00525948
3.73e+10,Capacitance,2.77875e-13,-1.33736e-13,2.77875e-13
3.75e+10,Resistance,24.5238,8.48926,24.5238
3.75e+10,Inductance,1.34383e-09,5.52682e-11,1.34383e-09
3.75e+10,Conductance,0.00529915,-0.00115224,0.00529915
3.75e+10,Capacitance,2.86771e-13,-1.35187e-13,2.86771e-13
3.77e+10,Resistance,24.5528,8.49232,24.5528
3.77e+10,Inductance,1.39337e-09,7.3585e-11,1.39337e-09
3.77e+10,Conductance,0.00533871,-0.00115763,0.00533871
3.77e+10,Capacitance,2.95571e-13,-1.36622e-13,2.95571e-13
3.79e+10,Resistance,24.5818,8.4952,24.5818
3.79e+10,Inductance,1.44239e-09,9.17088e-11,1.44239e-09
3.79e+10,Conductance,0.00537825,-0.00116298,0.00537825
3.79e+10,Capacitance,3.04279e-13,-1.38042e-13,3.04279e-13
3.81e+10,Resistance,24.6103,8.49814,24.6103
3.81e+10,Inductance,1.49089e-09,1.09641e-10,1.49089e-09
3.81e+10,Conductance,0.00541786,-0.00116838,0.00541786
3.81e+10,Capacitance,3.12895e-13,-1.39447e-13,3.12895e-13
3.83e+10,Resistance,24.6396,8.50028,24.6396
3.83e+10,Inductance,1.53889e-09,1.27385e-10,1.53889e-09
3.83e+10,Conductance,0.00545724,-0.00117355,0.00545724
3.83e+10,Capacitance,3.21421e-13,-1.40837e-13,3.21421e-13
3.85e+10,Resistance,24.6671,8.50434,24.6671
3.85e+10,Inductance,1.58638e-09,1.44947e-10,1.58638e-09
3.85e+10,Conductance,0.0054972,-0.00117928,0.0054972
3.85e+10,Capacitance,3.29859e-13,-1.42214e-13,3.29859e-13
3.87e+10,Resistance,24.6958,8.50656,24.6958
3.87e+10,Inductance,1.63339e-09,1.62327e-10,1.63339e-09
3.87e+10,Conductance,0.00553665,-0.00118449,0.00553665
3.87e+10,Capacitance,3.3821e-13,-1.43576e-13,3.3821e-13
3.89e+10,Resistance,24.7244,8.50978,24.7244
3.89e+10,Inductance,1.67991e-09,1.79526e-10,1.67991e-09
3.89e+10,Conductance,0.0055762,-0.0011899,0.0055762
3.89e+10,Capacitance,3.46474e-13,-1.44924e-13,3.46474e-13
3.91e+10,Resistance,24.7525,8.51239,24.7525
3.91e+10,Inductance,1.72596e-09,1.96552e-10,1.72596e-09
3.91e+10,Conductance,0.00561579,-0.00119525,0.00561579
3.91e+10,Capacitance,3.54655e-13,-1.46258e-13,3.54655e-13
3.93e+10,Resistance,24.7806,8.51522,24.7806
3.93e+10,Inductance,1.77153e-09,2.13405e-10,1.77153e-09
3.93e+10,Conductance,0.00565542,-0.00120063,0.00565542
3.93e+10,Capacitance,3.62752e-13,-1.47579e-13,3.62752e-13
3.95e+10,Resistance,24.8082,8.51775,24.8082
3.95e+10,Inductance,1.81665e-09,2.30082e-10,1.81665e-09
3.95e+10,Conductance,0.00569509,-0.00120602,0.00569509
3.95e+10,Capacitance,3.70767e-13,-1.48886e-13,3.70767e-13
3.97e+10,Resistance,24.8362,8.52121,24.8362
3.97e+10,Inductance,1.86131e-09,2.46596e-10,1.86131e-09
3.97e+10,Conductance,0.00573478,-0.00121154,0.00573478
3.97e+10,Capacitance,3.78702e-13,-1.5018e-13,3.78702e-13
3.99e+10,Resistance,24.864,8.5239,24.864
3.99e+10,Inductance,1.90552e-09,2.62943e-10,1.90552e-09
3.99e+10,Conductance,0.00577439,-0.00121691,0.00577439
3.99e+10,Capacitance,3.86557e-13,-1.51461e-13,3.86557e-13
4.01e+10,Resistance,24.892,8.52638,24.892
4.01e+10,Inductance,1.94929e-09,2.7913e-10,1.94929e-09
4.01e+10,Conductance,0.0058139,-0.00122219,0.0058139
4.01e+10,Capacitance,3.94333e-13,-1.5273e-13,3.94333e-13
4.03e+10,Resistance,24.9191,8.52946,24.9191
4.03e+10,Inductance,1.99263e-09,2.95152e-10,1.99263e-09
4.03e+10,Conductance,0.00585366,-0.0012277,0.00585366
4.03e+10,Capacitance,4.02032e-13,-1.53985e-13,4.02032e-13
4.05e+10,Resistance,24.9463,8.53181,24.9463
4.05e+10,Inductance,2.03553e-09,3.11015e-10,2.03553e-09
4.05e+10,Conductance,0.00589338,-0.00123307,0.00589338
4.05e+10,Capacitance,4.09656e-13,-1.55229e-13,4.09656e-13
4.07e+10,Resistance,24.9739,8.53507,24.9739
4.07e+10,Inductance,2.07802e-09,3.26722e-10,2.07802e-09
4.07e+10,Conductance,0.00593302,-0.00123854,0.00593302
4.07e+10,Capacitance,4.17204e-13,-1.56459e-13,4.17204e-13
4.09e+10,Resistance,25.0011,8.5371,25.0011
4.09e+10,Inductance,2.12009e-09,3.4228e-10,2.12009e-09
4.09e+10,Conductance,0.00597261,-0.0012438,0.00597261
4.09e+10,Capacitance,4.24679e-13,-1.57679e-13,4.24679e-13
4.11e+10,Resistance,25.0295,8.54094,25.0295
4.11e+10,Inductance,2.16175e-09,3.57685e-10,2.16175e-09
4.11e+10,Conductance,0.00601214,-0.00124933,0.00601214
4.11e+10,Capacitance,4.32081e-13,-1.58886e-13,4.32081e-13
4.13e+10,Resistance,25.0563,8.54292,25.0563
4.13e+10,Inductance,2.203e-09,3.72938e-10,2.203e-09
4.13e+10,Conductance,0.00605182,-0.00125463,0.00605182
4.13e+10,Capacitance,4.39412e-13,-1.60082e-13,4.39412e-13
4.15e+10,Resistance,25.0833,8.54597,25.0833
4.15e+10,Inductance,2.24386e-09,3.88046e-10,2.24386e-09
4.15e+10,Conductance,0.00609149,-0.00126008,0.00609149
4.15e+10,Capacitance,4.46671e-13,-1.61266e-13,4.46671e-13
4.17e+10,Resistance,25.1101,8.54796,25.1101
4.17e+10,Inductance,2.28433e-09,4.03009e-10,2.28433e-09
4.17e+10,Conductance,0.00613115,-0.00126534,0.00613115
4.17e+10,Capacitance,4.53862e-13,-1.62439e-13,4.53862e-13
4.19e+10,Resistance,25.136,8.55158,25.136
4.19e+10,Inductance,2.3244e-09,4.17827e-10,2.3244e-09
4.19e+10,Conductance,0.00617111,-0.00127106,0.00617111
4.19e+10,Capacitance,4.60983e-13,-1.636e-13,4.60983e-13
4.21e+10,Resistance,25.1638,8.55415,25.1638
4.21e+10,Inductance,2.3641e-09,4.32508e-10,2.3641e-09
4.21e+10,Conductance,0.00621054,-0.00127632,0.00621054
4.21e+10,Capacitance,4.68037e-13,-1.64751e-13,4.68037e-13
4.23e+10,Resistance,25.1898,8.55687,25.1898
4.23e+10,Inductance,2.40343e-09,4.47044e-10,2.40343e-09
4.23e+10,Conductance,0.00625036,-0.0012818,0.00625036
4.23e+10,Capacitance,4.75023e-13,-1.6589e-13,4.75023e-13
4.25e+10,Resistance,25.2167,8.5588,25.2167
4.25e+10,Inductance,2.44238e-09,4.61451e-10,2.44238e-09
4.25e+10,Conductance,0.00628992,-0.00128705,0.00628992
4.25e+10,Capacitance,4.81946e-13,-1.6702e-13,4.81946e-13
4.27e+10,Resistance,25.2422,8.56137,25.2422
4.27e+10,Inductance,2.48096e-09,4.75718e-10,2.48096e-09
4.27e+10,Conductance,0.00632981,-0.00129257,0.00632981
4.27e+10,Capacitance,4.88802e-13,-1.68138e-13,4.88802e-13
4.29e+10,Resistance,25.2682,8.56434,25.2682
4.29e+10,Inductance,2.51919e-09,4.89854e-10,2.51919e-09
4.29e+10,Conductance,0.00636964,-0.00129812,0.00636964
4.29e+10,Capacitance,4.95595e-13,-1.69246e-13,4.95595e-13
4.31e+10,Resistance,25.2967,8.5681,25.2967
4.31e+10,Inductance,2.55706e-09,5.03857e-10,2.55706e-09
4.31e+10,Conductance,0.00640899,-0.00130349,0.00640899
4.31e+10,Capacitance,5.02325e-13,-1.70344e-13,5.02325e-13
4.33e+10,Resistance,25.3218,8.57003,25.3218
4.33e+10,Inductance,2.59459e-09,5.17729e-10,2.59459e-09
4.33e+10,Conductance,0.00644888,-0.00130892,0.00644888
4.33e+10,Capacitance,5.08992e-13,-1.71431e-13,5.08992e-13
4.35e+10,Resistance,25.3474,8.57208,25.3474
4.35e+10,Inductance,2.63176e-09,5.31474e-10,2.63176e-09
4.35e+10,Conductance,0.00648865,-0.00131426,0.00648865
4.35e+10,Capacitance,5.15599e-13,-1.72508e-13,5.15599e-13
4.37e+10,Resistance,25.374,8.57553,25.374
4.37e+10,Inductance,2.66859e-09,5.45095e-10,2.66859e-09
4.37e+10,Conductance,0.00652832,-0.00131979,0.00652832
4.37e+10,Capacitance,5.22145e-13,-1.73576e-13,5.22145e-13
4.39e+10,Resistance,25.4,8.57721,25.4
4.39e+10,Inductance,2.7051e-09,5.58598e-10,2.7051e-09
4.39e+10,Conductance,0.00656794,-0.00132503,0.00656794
4.39e+10,Capacitance,5.28631e-13,-1.74635e-13,5.28631e-13
4.41e+10,Resistance,25.426,8.57961,25.426
4.41e+10,Inductance,2.74127e-09,5.71971e-10,2.74127e-09
4.41e+10,Conductance,0.00660765,-0.00133043,0.00660765
4.41e+10,Capacitance,5.35058e-13,-1.75683e-13,5.35058e-13
4.43e+10,Resistance,25.4509,8.58267,25.4509
4.43e+10,Inductance,2.77711e-09,5.85222e-10,2.77711e-09
4.43e+10,Conductance,0.00664763,-0.00133606,0.00664763
4.43e+10,Capacitance,5.41428e-13,-1.76722e-13,5.41428e-13
4.45e+10,Resistance,25.4769,8.58483,25.4769
4.45e+10,Inductance,2.81263e-09,5.9836e-10,2.81263e-09
4.45e+10,Conductance,0.00668723,-0.00134138,0.00668723
4.45e+10,Capacitance,5.4774e-13,-1.77752e-13,5.4774e-13
4.47e+10,Resistance,25.5024,8.5873,25.5024
4.47e+10,Inductance,2.84783e-09,6.11376e-10,2.84783e-09
4.47e+10,Conductance,0.00672702,-0.00134679,0.00672702
4.47e+10,Capacitance,5.53995e-13,-1.78772e-13,5.53995e-13
4.49e+10,Resistance,25.5291,8.59092,25.5291
4.49e+10,Inductance,2.88272e-09,6.24277e-10,2.88272e-09
4.49e+10,Conductance,0.00676659,-0.00135234,0.00676659
4.49e+10,Capacitance,5.60195e-13,-1.79783e-13,5.60195e-13
4.51e+10,Resistance,25.5535,8.59236,25.5535
4.51e+10,Inductance,2.9173e-09,6.37064e-10,2.9173e-09
4.51e+10,Conductance,0.00680648,-0.00135764,0.00680648
4.51e+10,Capacitance,5.66341e-13,-1.80786e-13,5.66341e-13
4.53e+10,Resistance,25.5799,8.59636,25.5799
4.53e+10,Inductance,2.95157e-09,6.49737e-10,2.95157e-09
4.53e+10,Conductance,0.00684618,-0.0013633,0.00684618
4.53e+10,Capacitance,5.72432e-13,-1.81779e-13,5.72432e-13
4.55e+10,Resistance,25.6047,8.59819,25.6047
4.55e+10,Inductance,2.98554e-09,6.62301e-10,2.98554e-09
4.55e+10,Conductance,0.00688596,-0.00136865,0.00688596
4.55e+10,Capacitance,5.7847e-13,-1.82765e-13,5.7847e-13
4.57e+10,Resistance,25.63,8.60135,25.63
4.57e+10,Inductance,3.01921e-09,6.74754e-10,3.01921e-09
4.57e+10,Conductance,0.00692575,-0.0013742,0.00692575
4.57e+10,Capacitance,5.84455e-13,-1.83742e-13,5.84455e-13
4.59e+10,Resistance,25.656,8.60332,25.656
4.59e+10,Inductance,3.05259e-09,6.87096e-10,3.05259e-09
4.59e+10,Conductance,0.0069653,-0.00137944,0.0069653
4.59e+10,Capacitance,5.90387e-13,-1.84709e-13,5.90387e-13
4.61e+10,Resistance,25.6798,8.60482,25.6798
4.61e+10,Inductance,3.08568e-09,6.99329e-10,3.08568e-09
4.61e+10,Conductance,0.00700521,-0.00138481,0.00700521
4.61e+10,Capacitance,5.96267e-13,-1.85667e-13,5.96267e-13
4.63e+10,Resistance,25.7063,8.60834,25.7063
4.63e+10,Inductance,3.11849e-09,7.11459e-10,3.11849e-09
4.63e+10,Conductance,0.00704478,-0.0013903,0.00704478
4.63e+10,Capacitance,6.02097e-13,-1.86618e-13,6.02097e-13
4.65e+10,Resistance,25.7297,8.61061,25.7297
4.65e+10,Inductance,3.151e-09,7.2349e-10,3.151e-09
4.65e+10,Conductance,0.00708488,-0.00139588,0.00708488
4.65e+10,Capacitance,6.07878e-13,-1.87562e-13,6.07878e-13
4.67e+10,Resistance,25.7543,8.61346,25.7543
4.67e+10,Inductance,3.18325e-09,7.3541e-10,3.18325e-09
4.67e+10,Conductance,0.00712471,-0.00140141,0.00712471
4.67e+10,Capacitance,6.13608e-13,-1.88496e-13,6.13608e-13
4.69e+10,Resistance,25.7812,8.61703,25.7812
4.69e+10,Inductance,3.21521e-09,7.47235e-10,3.21521e-09
4.69e+10,Conductance,0.00716419,-0.00140689,0.00716419
4.69e+10,Capacitance,6.1929e-13,-1.89424e-13,6.1929e-13
4.71e+10,Resistance,25.8064,8.619,25.8064
4.71e+10,Inductance,3.24691e-09,7.58951e-10,3.24691e-09
4.71e+10,Conductance,0.0072038,-0.00141217,0.0072038
4.71e+10,Capacitance,6.24923e-13,-1.90342e-13,6.24923e-13
4.73e+10,Resistance,25.8295,8.62042,25.8295
4.73e+10,Inductance,3.27834e-09,7.70575e-10,3.27834e-09
4.73e+10,Conductance,0.00724379,-0.00141757,0.00724379
4.73e+10,Capacitance,6.30508e-13,-1.91253e-13,6.30508e-13
4.75e+10,Resistance,25.8547,8.62324,25.8547
4.75e+10,Inductance,3.3095e-09,7.82099e-10,3.3095e-09
4.75e+10,Conductance,0.0072835,-0.00142304,0.0072835
4.75e+10,Capacitance,6.36047e-13,-1.92157e-13,6.36047e-13
4.77e+10,Resistance,25.8777,8.62526,25.8777
4.77e+10,Inductance,3.3404e-09,7.93526e-10,3.3404e-09
4.77e+10,Conductance,0.00732354,-0.00142856,0.00732354
4.77e+10,Capacitance,6.4154e-13,-1.93053e-13,6.4154e-13
4.79e+10,Resistance,25.903,8.6286,25.903
4.79e+10,Inductance,3.37105e-09,8.0486e-10,3.37105e-09
4.79e+10,Conductance,0.00736325,-0.00143411,0.00736325
4.79e+10,Capacitance,6.46987e-13,-1.93941e-13,6.46987e-13
4.81e+10,Resistance,25.9276,8.63107,25.9276
4.81e+10,Inductance,3.40143e-09,8.16095e-10,3.40143e-09
4.81e+10,Conductance,0.00740303,-0.00143956,0.00740303
4.81e+10,Capacitance,6.52388e-13,-1.94822e-13,6.52388e-13
4.83e+10,Resistance,25.951,8.63228,25.951
4.83e+10,Inductance,3.43157e-09,8.27242e-10,3.43157e-09
4.83e+10,Conductance,0.00744284,-0.00144484,0.00744284
4.83e+10,Capacitance,6.57744e-13,-1.95696e-13,6.57744e-13
4.85e+10,Resistance,25.9761,8.63528,25.9761
4.85e+10,Inductance,3.46146e-09,8.38293e-10,3.46146e-09
4.85e+10,Conductance,0.00748253,-0.00145032,0.00748253
4.85e+10,Capacitance,6.63056e-13,-1.96562e-13,6.63056e-13
4.87e+10,Resistance,25.9998,8.6369,25.9998
4.87e+10,Inductance,3.4911e-09,8.49256e-10,3.4911e-09
4.87e+10,Conductance,0.00752235,-0.00145563,0.00752235
4.87e+10,Capacitance,6.68325e-13,-1.97422e-13,6.68325e-13
4.89e+10,Resistance,26.0247,8.6395,26.0247
4.89e+10,Inductance,3.5205e-09,8.60129e-10,3.5205e-09
4.89e+10,Conductance,0.00756202,-0.00146109,0.00756202
4.89e+10,Capacitance,6.73551e-13,-1.98275e-13,6.73551e-13
4.91e+10,Resistance,26.0477,8.6426,26.0477
4.91e+10,Inductance,3.54966e-09,8.7091e-10,3.54966e-09
4.91e+10,Conductance,0.00760212,-0.00146679,0.00760212
4.91e+10,Capacitance,6.78734e-13,-1.9912e-13,6.78734e-13
4.93e+10,Resistance,26.0723,8.64524,26.0723
4.93e+10,Inductance,3.57858e-09,8.81611e-10,3.57858e-09
4.93e+10,Conductance,0.00764181,-0.00147224,0.00764181
4.93e+10,Capacitance,6.83875e-13,-1.99959e-13,6.83875e-13
4.95e+10,Resistance,26.0965,8.6468,26.0965
4.95e+10,Inductance,3.60727e-09,8.92218e-10,3.60727e-09
4.95e+10,Conductance,0.00768145,-0.00147748,0.00768145
4.95e+10,Capacitance,6.88976e-13,-2.00792e-13,6.88976e-13
4.97e+10,Resistance,26.1204,8.65057,26.1204
4.97e+10,Inductance,3.63572e-09,9.02745e-10,3.63572e-09
4.97e+10,Conductance,0.00772141,-0.00148323,0.00772141
4.97e+10,Capacitance,6.94034e-13,-2.01617e-13,6.94034e-13
4.99e+10,Resistance,26.1438,8.6506,26.1438
4.99e+10,Inductance,3.66395e-09,9.13185e-10,3.66395e-09
4.99e+10,Conductance,0.00776106,-0.00148826,0.00776106
4.99e+10,Capacitance,6.99052e-13,-2.02436e-13,6.99052e-13
5.01e+10,Resistance,26.1665,8.65417,26.1665
5.01e+10,Inductance,3.69195e-09,9.23536e-10,3.69195e-09
5.01e+10,Conductance,0.00780123,-0.00149405,0.00780123
5.01e+10,Capacitance,7.0403e-13,-2.03247e-13,7.0403e-13
5.03e+10,Resistance,26.19,8.65797,26.19
5.03e+10,Inductance,3.71974e-09,9.33816e-10,3.71974e-09
5.03e+10,Conductance,0.00784127,-0.00149988,0.00784127
5.03e+10,Capacitance,7.08969e-13,-2.04054e-13,7.08969e-13
5.05e+10,Resistance,26.2129,8.6579,26.2129
5.05e+10,Inductance,3.74731e-09,9.44007e-10,3.74731e-09
5.05e+10,Conductance,0.00788093,-0.0015049,0.00788093
5.05e+10,Capacitance,7.13866e-13,-2.04852e-13,7.13866e-13
5.07e+10,Resistance,26.2376,8.66051,26.2376
5.07e+10,Inductance,3.77465e-09,9.54125e-10,3.77465e-09
5.07e+10,Conductance,0.00792054,-0.00151027,0.00792054
5.07e+10,Capacitance,7.18728e-13,-2.05646e-13,7.18728e-13
5.09e+10,Resistance,26.2605,8.66284,26.2605
5.09e+10,Inductance,3.80178e-09,9.64156e-10,3.80178e-09
5.09e+10,Conductance,0.00796049,-0.0015158,0.00796049
5.09e+10,Capacitance,7.2355e-13,-2.06433e-13,7.2355e-13
5.11e+10,Resistance,26.2839,8.66567,26.2839
5.11e+10,Inductance,3.82869e-09,9.74102e-10,3.82869e-09
5.11e+10,Conductance,0.00800042,-0.0015214,0.00800042
5.11e+10,Capacitance,7.28335e-13,-2.07212e-13,7.28335e-13
5.13e+10,Resistance,26.3083,8.66885,26.3083
5.13e+10,Inductance,3.85539e-09,9.83979e-10,3.85539e-09
5.13e+10,Conductance,0.00804011,-0.00152695,0.00804011
5.13e+10,Capacitance,7.33083e-13,-2.07987e-13,7.33083e-13
5.15e+10,Resistance,26.331,8.67025,26.331
5.15e+10,Inductance,3.8819e-09,9.93786e-10,3.8819e-09
5.15e+10,Conductance,0.00807994,-0.00153227,0.00807994
5.15e+10,Capacitance,7.37793e-13,-2.08756e-13,7.37793e-13
5.17e+10,Resistance,26.354,8.67196,26.354
5.17e+10,Inductance,3.90818e-09,1.00351e-09,3.90818e-09
5.17e+10,Conductance,0.00811978,-0.00153762,0.00811978
5.17e+10,Capacitance,7.42468e-13,-2.09518e-13,7.42468e-13
5.19e+10,Resistance,26.3785,8.67559,26.3785
5.19e+10,Inductance,3.93427e-09,1.01315e-09,3.93427e-09
5.19e+10,Conductance,0.00815944,-0.00154321,0.00815944
5.19e+10,Capacitance,7.47106e-13,-2.10275e-13,7.47106e-13
5.21e+10,Resistance,26.4006,8.67823,26.4006
5.21e+10,Inductance,3.96017e-09,1.02273e-09,3.96017e-09
5.21e+10,Conductance,0.00819953,-0.0015489,0.00819953
5.21e+10,Capacitance,7.51708e-13,-2.11026e-13,7.51708e-13
5.23e+10,Resistance,26.4238,8.67977,26.4238
5.23e+10,Inductance,3.98585e-09,1.03223e-09,3.98585e-09
5.23e+10,Conductance,0.0082393,-0.00155417,0.0082393
5.23e+10,Capacitance,7.56276e-13,-2.11771e-13,7.56276e-13
5.25e+10,Resistance,26.4459,8.68105,26.4459
5.25e+10,Inductance,4.01135e-09,1.04166e-09,4.01135e-09
5.25e+10,Conductance,0.0082792,-0.00155955,0.0082792
5.25e+10,Capacitance,7.60808e-13,-2.12511e-13,7.60808e-13
5.27e+10,Resistance,26.4693,8.68555,26.4693
5.27e+10,Inductance,4.03665e-09,1.05102e-09,4.03665e-09
5.27e+10,Conductance,0.0083192,-0.00156542,0.0083192
5.27e+10,Capacitance,7.65306e-13,-2.13245e-13,7.65306e-13
5.29e+10,Resistance,26.4919,8.68666,26.4919
5.29e+10,Inductance,4.06177e-09,1.06031e-09,4.06177e-09
5.29e+10,Conductance,0.00835896,-0.00157069,0.00835896
5.29e+10,Capacitance,7.6977e-13,-2.13974e-13,7.6977e-13
5.31e+10,Resistance,26.5172,8.68938,26.5172
5.31e+10,Inductance,4.08668e-09,1.06952e-09,4.08668e-09
5.31e+10,Conductance,0.00839833,-0.00157598,0.00839833
5.31e+10,Capacitance,7.74201e-13,-2.14696e-13,7.74201e-13
5.33e+10,Resistance,26.539,8.69144,26.539
5.33e+10,Inductance,4.11142e-09,1.07867e-09,4.11142e-09
5.33e+10,Conductance,0.00843834,-0.00158149,0.00843834
5.33e+10,Capacitance,7.78599e-13,-2.15413e-13,7.78599e-13
5.35e+10,Resistance,26.5598,8.69277,26.5598
5.35e+10,Inductance,4.13597e-09,1.08775e-09,4.13597e-09
5.35e+10,Conductance,0.00847851,-0.00158698,0.00847851
5.35e+10,Capacitance,7.82963e-13,-2.16125e-13,7.82963e-13
5.37e+10,Resistance,26.5825,8.69381,26.5825
5.37e+10,Inductance,4.16033e-09,1.09676e-09,4.16033e-09
5.37e+10,Conductance,0.00851825,-0.00159222,0.00851825
5.37e+10,Capacitance,7.87295e-13,-2.16832e-13,7.87295e-13
5.39e+10,Resistance,26.6069,8.69616,26.6069
5.39e+10,Inductance,4.18452e-09,1.10571e-09,4.18452e-09
5.39e+10,Conductance,0.00855772,-0.00159753,0.00855772
5.39e+10,Capacitance,7.91595e-13,-2.17534e-13,7.91595e-13
5.41e+10,Resistance,26.6285,8.69777,26.6285
5.41e+10,Inductance,4.20853e-09,1.11459e-09,4.20853e-09
5.41e+10,Conductance,0.00859771,-0.00160297,0.00859771
5.41e+10,Capacitance,7.95862e-13,-2.18231e-13,7.95862e-13
5.43e+10,Resistance,26.6515,8.70274,26.6515
5.43e+10,Inductance,4.23235e-09,1.1234e-09,4.23235e-09
5.43e+10,Conductance,0.00863778,-0.00160897,0.00863778
5.43e+10,Capacitance,8.00101e-13,-2.18922e-13,8.00101e-13
5.45e+10,Resistance,26.6731,8.70344,26.6731
5.45e+10,Inductance,4.25601e-09,1.13215e-09,4.25601e-09
5.45e+10,Conductance,0.00867762,-0.00161421,0.00867762
5.45e+10,Capacitance,8.04304e-13,-2.19608e-13,8.04304e-13
5.47e+10,Resistance,26.697,8.70649,26.697
5.47e+10,Inductance,4.27949e-09,1.14083e-09,4.27949e-09
5.47e+10,Conductance,0.00871724,-0.00161968,0.00871724
5.47e+10,Capacitance,8.08479e-13,-2.20288e-13,8.08479e-13
5.49e+10,Resistance,26.719,8.70877,26.719
5.49e+10,Inductance,4.3028e-09,1.14945e-09,4.3028e-09
5.49e+10,Conductance,0.00875721,-0.0016252,0.00875721
5.49e+10,Capacitance,8.12624e-13,-2.20964e-13,8.12624e-13
5.51e+10,Resistance,26.7409,8.71189,26.7409
5.51e+10,Inductance,4.32594e-09,1.15801e-09,4.32594e-09
5.51e+10,Conductance,0.00879725,-0.00163094,0.00879725
5.51e+10,Capacitance,8.16739e-13,-2.21636e-13,8.16739e-13
5.53e+10,Resistance,26.762,8.71275,26.762
5.53e+10,Inductance,4.34891e-09,1.16651e-09,4.34891e-09
5.53e+10,Conductance,0.00883719,-0.00163624,0.00883719
5.53e+10,Capacitance,8.20824e-13,-2.22303e-13,8.20824e-13
5.55e+10,Resistance,26.7837,8.7148,26.7837
5.55e+10,Inductance,4.37172e-09,1.17495e-09,4.37172e-09
5.55e+10,Conductance,0.00887715,-0.00164176,0.00887715
5.55e+10,Capacitance,8.24878e-13,-2.22965e-13,8.24878e-13
5.57e+10,Resistance,26.8071,8.71673,26.8071
5.57e+10,Inductance,4.39436e-09,1.18332e-09,4.39436e-09
5.57e+10,Conductance,0.00891671,-0.00164704,0.00891671
5.57e+10,Capacitance,8.28904e-13,-2.23621e-13,8.28904e-13
5.59e+10,Resistance,26.8302,8.72147,26.8302
5.59e+10,Inductance,4.41685e-09,1.19164e-09,4.41685e-09
5.59e+10,Conductance,0.00895662,-0.00165295,0.00895662
5.59e+10,Capacitance,8.32901e-13,-2.24274e-13,8.32901e-13
5.61e+10,Resistance,26.8505,8.72209,26.8505
5.61e+10,Inductance,4.43916e-09,1.19989e-09,4.43916e-09
5.61e+10,Conductance,0.0089967,-0.0016583,0.0089967
5.61e+10,Capacitance,8.3687e-13,-2.2492e-13,8.3687e-13
5.63e+10,Resistance,26.873,8.72329,26.873
5.63e+10,Inductance,4.46133e-09,1.20809e-09,4.46133e-09
5.63e+10,Conductance,0.00903637,-0.0016635,0.00903637
5.63e+10,Capacitance,8.40811e-13,-2.25564e-13,8.40811e-13
5.65e+10,Resistance,26.8946,8.7263,26.8946
5.65e+10,Inductance,4.48334e-09,1.21623e-09,4.48334e-09
5.65e+10,Conductance,0.00907636,-0.00166918,0.00907636
5.65e+10,Capacitance,8.44723e-13,-2.26203e-13,8.44723e-13
5.67e+10,Resistance,26.9177,8.72972,26.9177
5.67e+10,Inductance,4.50518e-09,1.22431e-09,4.50518e-09
5.67e+10,Conductance,0.00911615,-0.00167481,0.00911615
5.67e+10,Capacitance,8.48609e-13,-2.26836e-13,8.48609e-13
5.69e+10,Resistance,26.9379,8.73095,26.9379
5.69e+10,Inductance,4.52688e-09,1.23234e-09,4.52688e-09
5.69e+10,Conductance,0.00915627,-0.0016803,0.00915627
5.69e+10,Capacitance,8.52466e-13,-2.27466e-13,8.52466e-13
5.71e+10,Resistance,26.958,8.73157,26.958
5.71e+10,Inductance,4.54841e-09,1.2403e-09,4.54841e-09
5.71e+10,Conductance,0.00919634,-0.00168559,0.00919634
5.71e+10,Capacitance,8.56298e-13,-2.28091e-13,8.56298e-13
5.73e+10,Resistance,26.9832,8.7353,26.9832
5.73e+10,Inductance,4.56981e-09,1.24821e-09,4.56981e-09
5.73e+10,Conductance,0.00923565,-0.00169103,0.00923565
5.73e+10,Capacitance,8.60102e-13,-2.28711e-13,8.60102e-13
5.75e+10,Resistance,26.9996,8.73515,26.9996
5.75e+10,Inductance,4.59106e-09,1.25607e-09,4.59106e-09
5.75e+10,Conductance,0.00927639,-0.00169659,0.00927639
5.75e+10,Capacitance,8.63879e-13,-2.29328e-13,8.63879e-13
5.77e+10,Resistance,27.0266,8.73909,27.0266
5.77e+10,Inductance,4.61215e-09,1.26388e-09,4.61215e-09
5.77e+10,Conductance,0.00931533,-0.00170192,0.00931533
5.77e+10,Capacitance,8.67631e-13,-2.29941e-13,8.67631e-13
5.79e+10,Resistance,27.0466,8.74044,27.0466
5.79e+10,Inductance,4.63311e-09,1.27163e-09,4.63311e-09
5.79e+10,Conductance,0.00935544,-0.00170739,0.00935544
5.79e+10,Capacitance,8.71356e-13,-2.30549e-13,8.71356e-13
5.81e+10,Resistance,27.0678,8.74268,27.0678
5.81e+10,Inductance,4.65391e-09,1.27932e-09,4.65391e-09
5.81e+10,Conductance,0.00939542,-0.00171293,0.00939542
5.81e+10,Capacitance,8.75056e-13,-2.31151e-13,8.75056e-13
5.83e+10,Resistance,27.0883,8.74664,27.0883
5.83e+10,Inductance,4.67458e-09,1.28696e-09,4.67458e-09
5.83e+10,Conductance,0.00943572,-0.0017189,0.00943572
5.83e+10,Capacitance,8.7873e-13,-2.3175e-13,8.7873e-13
5.85e+10,Resistance,27.1108,8.74795,27.1108
5.85e+10,Inductance,4.6951e-09,1.29456e-09,4.6951e-09
5.85e+10,Conductance,0.00947529,-0.00172411,0.00947529
5.85e+10,Capacitance,8.82379e-13,-2.32346e-13,8.82379e-13
5.87e+10,Resistance,27.131,8.75066,27.131
5.87e+10,Inductance,4.71548e-09,1.3021e-09,4.71548e-09
5.87e+10,Conductance,0.00951551,-0.00172984,0.00951551
5.87e+10,Capacitance,8.86005e-13,-2.32939e-13,8.86005e-13
5.89e+10,Resistance,27.1529,8.75183,27.1529
5.89e+10,Inductance,4.73573e-09,1.30959e-09,4.73573e-09
5.89e+10,Conductance,0.00955519,-0.00173509,0.00955519
5.89e+10,Capacitance,8.89604e-13,-2.33526e-13,8.89604e-13
5.91e+10,Resistance,27.1733,8.75332,27.1733
5.91e+10,Inductance,4.75583e-09,1.31702e-09,4.75583e-09
5.91e+10,Conductance,0.00959517,-0.00174051,0.00959517
5.91e+10,Capacitance,8.9318e-13,-2.34109e-13,8.9318e-13
5.93e+10,Resistance,27.1957,8.75683,27.1957
5.93e+10,Inductance,4.77581e-09,1.32441e-09,4.77581e-09
5.93e+10,Conductance,0.00963497,-0.00174621,0.00963497
5.93e+10,Capacitance,8.9673e-13,-2.34688e-13,8.9673e-13
5.95e+10,Resistance,27.2156,8.7577,27.2156
5.95e+10,Inductance,4.79564e-09,1.33175e-09,4.79564e-09
5.95e+10,Conductance,0.009675,-0.00175155,0.009675
5.95e+10,Capacitance,9.00259e-13,-2.35265e-13,9.00259e-13
5.97e+10,Resistance,27.2383,8.7612,27.2383
5.97e+10,Inductance,4.81534e-09,1.33903e-09,4.81534e-09
5.97e+10,Conductance,0.00971474,-0.00175719,0.00971474
5.97e+10,Capacitance,9.03763e-13,-2.35835e-13,9.03763e-13
5.99e+10,Resistance,27.2583,8.76128,27.2583
5.99e+10,Inductance,4.83492e-09,1.34627e-09,4.83492e-09
5.99e+10,Conductance,0.00975462,-0.00176233,0.00975462
5.99e+10,Capacitance,9.07243e-13,-2.36403e-13,9.07243e-13
6.01e+10,Resistance,27.2785,8.76336,27.2785
6.01e+10,Inductance,4.85436e-09,1.35347e-09,4.85436e-09
6.01e+10,Conductance,0.00979473,-0.00176794,0.00979473
6.01e+10,Capacitance,9.10701e-13,-2.36969e-13,9.10701e-13
6.03e+10,Resistance,27.3009,8.76723,27.3009
6.03e+10,Inductance,4.87367e-09,1.36061e-09,4.87367e-09
6.03e+10,Conductance,0.00983452,-0.00177369,0.00983452
6.03e+10,Capacitance,9.14135e-13,-2.37528e-13,9.14135e-13
6.05e+10,Resistance,27.3222,8.76869,27.3222
6.05e+10,Inductance,4.89286e-09,1.36771e-09,4.89286e-09
6.05e+10,Conductance,0.0098743,-0.001779,0.0098743
6.05e+10,Capacitance,9.17547e-13,-2.38085e-13,9.17547e-13
6.07e+10,Resistance,27.3444,8.77292,27.3444
6.07e+10,Inductance,4.91192e-09,1.37475e-09,4.91192e-09
6.07e+10,Conductance,0.00991411,-0.00178481,0.00991411
6.07e+10,Capacitance,9.20936e-13,-2.38638e-13,9.20936e-13
6.09e+10,Resistance,27.3657,8.77343,27.3657
6.09e+10,Inductance,4.93085e-09,1.38176e-09,4.93085e-09
6.09e+10,Conductance,0.00995378,-0.00178994,0.00995378
6.09e+10,Capacitance,9.24304e-13,-2.39188e-13,9.24304e-13
6.11e+10,Resistance,27.3865,8.77398,27.3865
6.11e+10,Inductance,4.94966e-09,1.38872e-09,4.94966e-09
6.11e+10,Conductance,0.0099935,-0.00179509,0.0099935
6.11e+10,Capacitance,9.27648e-13,-2.39734e-13,9.27648e-13
6.13e+10,Resistance,27.402,8.77348,27.402
6.13e+10,Inductance,4.96834e-09,1.39562e-09,4.96834e-09
6.13e+10,Conductance,0.0100343,-0.00180056,0.0100343
6.13e+10,Capacitance,9.30972e-13,-2.40275e-13,9.30972e-13
6.15e+10,Resistance,27.4241,8.77828,27.4241
6.15e+10,Inductance,4.98691e-09,1.4025e-09,4.98691e-09
6.15e+10,Conductance,0.0100742,-0.00180653,0.0100742
6.15e+10,Capacitance,9.34273e-13,-2.40815e-13,9.34273e-13
6.17e+10,Resistance,27.4434,8.77848,27.4434
6.17e+10,Inductance,5.00535e-09,1.40932e-09,5.00535e-09
6.17e+10,Conductance,0.0101142,-0.00181178,0.0101142
6.17e+10,Capacitance,9.37554e-13,-2.41351e-13,9.37554e-13
6.19e+10,Resistance,27.4656,8.78418,27.4656
6.19e+10,Inductance,5.02368e-09,1.41609e-09,5.02368e-09
6.19e+10,Conductance,0.0101542,-0.00181793,0.0101542
6.19e+10,Capacitance,9.40812e-13,-2.41881e-13,9.40812e-13
6.21e+10,Resistance,27.487,8.78355,27.487
6.21e+10,Inductance,5.04188e-09,1.42283e-09,5.04188e-09
6.21e+10,Conductance,0.0101936,-0.00182272,0.0101936
6.21e+10,Capacitance,9.44052e-13,-2.42411e-13,9.44052e-13
6.23e+10,Resistance,27.5096,8.78837,27.5096
6.23e+10,Inductance,5.05997e-09,1.42952e-09,5.05997e-09
6.23e+10,Conductance,0.0102334,-0.00182862,0.0102334
6.23e+10,Capacitance,9.47269e-13,-2.42935e-13,9.47269e-13
6.25e+10,Resistance,27.5281,8.788,27.5281
6.25e+10,Inductance,5.07795e-09,1.43617e-09,5.07795e-09
6.25e+10,Conductance,0.0102735,-0.00183379,0.0102735
6.25e+10,Capacitance,9.50464e-13,-2.43456e-13,9.50464e-13
6.27e+10,Resistance,27.5484,8.79045,27.5484
6.27e+10,Inductance,5.09581e-09,1.44278e-09,5.09581e-09
6.27e+10,Conductance,0.0103135,-0.00183942,0.0103135
6.27e+10,Capacitance,9.53641e-13,-2.43975e-13,9.53641e-13
6.29e+10,Resistance,27.5699,8.79197,27.5699
6.29e+10,Inductance,5.11355e-09,1.44934e-09,5.11355e-09
6.29e+10,Conductance,0.0103531,-0.00184472,0.0103531
6.29e+10,Capacitance,9.56798e-13,-2.44491e-13,9.56798e-13
6.31e+10,Resistance,27.5905,8.79564,27.5905
6.31e+10,Inductance,5.13119e-09,1.45587e-09,5.13119e-09
6.31e+10,Conductance,0.0103932,-0.00185055,0.0103932
6.31e+10,Capacitance,9.59933e-13,-2.45002e-13,9.59933e-13
6.33e+10,Resistance,27.611,8.79883,27.611
6.33e+10,Inductance,5.1487e-09,1.46234e-09,5.1487e-09
6.33e+10,Conductance,0.0104332,-0.00185624,0.0104332
6.33e+10,Capacitance,9.6305e-13,-2.4551e-13,9.6305e-13
6.35e+10,Resistance,27.6305,8.80047,27.6305
6.35e+10,Inductance,5.16612e-09,1.46878e-09,5.16612e-09
6.35e+10,Conductance,0.0104732,-0.00186173,0.0104732
6.35e+10,Capacitance,9.66146e-13,-2.46015e-13,9.66146e-13
6.37e+10,Resistance,27.6499,8.79951,27.6499
6.37e+10,Inductance,5.18342e-09,1.47519e-09,5.18342e-09
6.37e+10,Conductance,0.010513,-0.0018667,0.010513
6.37e+10,Capacitance,9.69223e-13,-2.46518e-13,9.69223e-13
6.39e+10,Resistance,27.6704,8.8029,27.6704
6.39e+10,Inductance,5.20062e-09,1.48155e-09,5.20062e-09
6.39e+10,Conductance,0.010553,-0.00187248,0.010553
6.39e+10,Capacitance,9.7228e-13,-2.47016e-13,9.7228e-13
6.41e+10,Resistance,27.6927,8.80469,27.6927
6.41e+10,Inductance,5.2177e-09,1.48787e-09,5.2177e-09
6.41e+10,Conductance,0.0105925,-0.00187772,0.0105925
6.41e+10,Capacitance,9.7532e-13,-2.47512e-13,9.7532e-13
6.43e+10,Resistance,27.7101,8.80467,27.7101
6.43e+10,Inductance,5.23468e-09,1.49415e-09,5.23468e-09
6.43e+10,Conductance,0.0106328,-0.00188308,0.0106328
6.43e+10,Capacitance,9.7834e-13,-2.48005e-13,9.7834e-13
6.45e+10,Resistance,27.732,8.80878,27.732
6.45e+10,Inductance,5.25156e-09,1.50039e-09,5.25156e-09
6.45e+10,Conductance,0.0106726,-0.00188886,0.0106726
6.45e+10,Capacitance,9.8134e-13,-2.48494e-13,9.8134e-13
6.47e+10,Resistance,27.7518,8.80976,27.7518
6.47e+10,Inductance,5.26832e-09,1.50659e-09,5.26832e-09
6.47e+10,Conductance,0.0107124,-0.00189416,0.0107124
6.47e+10,Capacitance,9.84324e-13,-2.48982e-13,9.84324e-13
6.49e+10,Resistance,27.7691,8.81164,27.7691
6.49e+10,Inductance,5.28499e-09,1.51276e-09,5.28499e-09
6.49e+10,Conductance,0.0107529,-0.00189991,0.0107529
6.49e+10,Capacitance,9.87288e-13,-2.49466e-13,9.87288e-13
6.51e+10,Resistance,27.7916,8.81413,27.7916
6.51e+10,Inductance,5.30155e-09,1.51889e-09,5.30155e-09
6.51e+10,Conductance,0.0107924,-0.00190528,0.0107924
6.51e+10,Capacitance,9.90236e-13,-2.49947e-13,9.90236e-13
6.53e+10,Resistance,27.8094,8.81795,27.8094
6.53e+10,Inductance,5.31802e-09,1.52497e-09,5.31802e-09
6.53e+10,Conductance,0.010833,-0.00191137,0.010833
6.53e+10,Capacitance,9.93162e-13,-2.50423e-13,9.93162e-13
6.55e+10,Resistance,27.828,8.81749,27.828
6.55e+10,Inductance,5.33438e-09,1.53104e-09,5.33438e-09
6.55e+10,Conductance,0.0108729,-0.00191652,0.0108729
6.55e+10,Capacitance,9.96073e-13,-2.50901e-13,9.96073e-13
6.57e+10,Resistance,27.8516,8.82052,27.8516
6.57e+10,Inductance,5.35065e-09,1.53705e-09,5.35065e-09
6.57e+10,Conductance,0.0109121,-0.00192183,0.0109121
6.57e+10,Capacitance,9.98965e-13,-2.51372e-13,9.98965e-13
6.59e+10,Resistance,27.8695,8.82382,27.8695
6.59e+10,Inductance,5.3668e-09,1.54302e-09,5.3668e-09
6.59e+10,Conductance,0.0109526,-0.00192787,0.0109526
6.59e+10,Capacitance,1.00184e-12,-2.51839e-13,1.00184e-12
6.61e+10,Resistance,27.8904,8.82592,27.8904
6.61e+10,Inductance,5.38287e-09,1.54897e-09,5.38287e-09
6.61e+10,Conductance,0.0109923,-0.00193327,0.0109923
6.61e+10,Capacitance,1.0047e-12,-2.52306e-13,1.0047e-12
6.63e+10,Resistance,27.9075,8.82502,27.9075
6.63e+10,Inductance,5.39883e-09,1.55487e-09,5.39883e-09
6.63e+10,Conductance,0.0110325,-0.00193842,0.0110325
6.63e+10,Capacitance,1.00754e-12,-2.52771e-13,1.00754e-12
6.65e+10,Resistance,27.9286,8.8276,27.9286
6.65e+10,Inductance,5.41471e-09,1.56075e-09,5.41471e-09
6.65e+10,Conductance,0.0110722,-0.00194391,0.0110722
6.65e+10,Capacitance,1.01036e-12,-2.53231e-13,1.01036e-12
6.67e+10,Resistance,27.9499,8.83163,27.9499
6.67e+10,Inductance,5.43049e-09,1.56659e-09,5.43049e-09
6.67e+10,Conductance,0.011112,-0.00194969,0.011112
6.67e+10,Capacitance,1.01317e-12,-2.5369e-13,1.01317e-12
6.69e+10,Resistance,27.9713,8.833,27.9713
6.69e+10,Inductance,5.44617e-09,1.57238e-09,5.44617e-09
6.69e+10,Conductance,0.0111515,-0.00195486,0.0111515
6.69e+10,Capacitance,1.01596e-12,-2.54144e-13,1.01596e-12
6.71e+10,Resistance,27.9852,8.83194,27.9852
6.71e+10,Inductance,5.46176e-09,1.57815e-09,5.46176e-09
6.71e+10,Conductance,0.0111923,-0.00196035,0.0111923
6.71e+10,Capacitance,1.01873e-12,-2.54597e-13,1.01873e-12
6.73e+10,Resistance,28.0066,8.83656,28.0066
6.73e+10,Inductance,5.47725e-09,1.58388e-09,5.47725e-09
6.73e+10,Conductance,0.0112322,-0.00196625,0.0112322
6.73e+10,Capacitance,1.02149e-12,-2.55047e-13,1.02149e-12
6.75e+10,Resistance,28.0254,8.83755,28.0254
6.75e+10,Inductance,5.49266e-09,1.58959e-09,5.49266e-09
6.75e+10,Conductance,0.0112722,-0.00197162,0.0112722
6.75e+10,Capacitance,1.02423e-12,-2.55494e-13,1.02423e-12
6.77e+10,Resistance,28.0466,8.83788,28.0466
6.77e+10,Inductance,5.50797e-09,1.59525e-09,5.50797e-09
6.77e+10,Conductance,0.0113116,-0.00197661,0.0113116
6.77e+10,Capacitance,1.02695e-12,-2.55939e-13,1.02695e-12
6.79e+10,Resistance,28.0661,8.84303,28.0661
6.79e+10,Inductance,5.5232e-09,1.60088e-09,5.5232e-09
6.79e+10,Conductance,0.0113518,-0.0019828,0.0113518
6.79e+10,Capacitance,1.02966e-12,-2.5638e-13,1.02966e-12
6.81e+10,Resistance,28.0877,8.84679,28.0877
6.81e+10,Inductance,5.53833e-09,1.60647e-09,5.53833e-09
6.81e+10,Conductance,0.0113915,-0.00198848,0.0113915
6.81e+10,Capacitance,1.03235e-12,-2.56819e-13,1.03235e-12
6.83e+10,Resistance,28.1031,8.84346,28.1031
6.83e+10,Inductance,5.55338e-09,1.61204e-09,5.55338e-09
6.83e+10,Conductance,0.0114318,-0.00199328,0.0114318
6.83e+10,Capacitance,1.03503e-12,-2.57255e-13,1.03503e-12
6.85e+10,Resistance,28.1235,8.84704,28.1235
6.85e+10,Inductance,5.56833e-09,1.61758e-09,5.56833e-09
6.85e+10,Conductance,0.0114716,-0.00199901,0.0114716
6.85e+10,Capacitance,1.03769e-12,-2.5769e-13,1.03769e-12
6.87e+10,Resistance,28.1425,8.85089,28.1425
6.87e+10,Inductance,5.58321e-09,1.62308e-09,5.58321e-09
6.87e+10,Conductance,0.0115119,-0.00200499,0.0115119
6.87e+10,Capacitance,1.04033e-12,-2.58123e-13,1.04033e-12
6.89e+10,Resistance,28.1618,8.85356,28.1618
6.89e+10,Inductance,5.59799e-09,1.62855e-09,5.59799e-09
6.89e+10,Conductance,0.0115519,-0.00201064,0.0115519
6.89e+10,Capacitance,1.04296e-12,-2.58551e-13,1.04296e-12
6.91e+10,Resistance,28.1791,8.85091,28.1791
6.91e+10,Inductance,5.61268e-09,1.63398e-09,5.61268e-09
6.91e+10,Conductance,0.0115918,-0.00201539,0.0115918
6.91e+10,Capacitance,1.04558e-12,-2.58978e-13,1.04558e-12
6.93e+10,Resistance,28.202,8.85695,28.202
6.93e+10,Inductance,5.6273e-09,1.63939e-09,5.6273e-09
6.93e+10,Conductance,0.0116314,-0.00202138,0.0116314
6.93e+10,Capacitance,1.04818e-12,-2.59403e-13,1.04818e-12
6.95e+10,Resistance,28.2177,8.85725,28.2177
6.95e+10,Inductance,5.64182e-09,1.64476e-09,5.64182e-09
6.95e+10,Conductance,0.0116719,-0.00202691,0.0116719
6.95e+10,Capacitance,1.05076e-12,-2.59823e-13,1.05076e-12
6.97e+10,Resistance,28.2365,8.85561,28.2365
6.97e+10,Inductance,5.65626e-09,1.65011e-09,5.65626e-09
6.97e+10,Conductance,0.0117115,-0.0020317,0.0117115
6.97e+10,Capacitance,1.05333e-12,-2.60245e-13,1.05333e-12
6.99e+10,Resistance,28.2598,8.86047,28.2598
6.99e+10,Inductance,5.67063e-09,1.65542e-09,5.67063e-09
6.99e+10,Conductance,0.0117509,-0.0020374,0.0117509
6.99e+10,Capacitance,1.05589e-12,-2.6066e-13,1.05589e-12
7.01e+10,Resistance,28.2763,8.86274,28.2763
7.01e+10,Inductance,5.68491e-09,1.66071e-09,5.68491e-09
7.01e+10,Conductance,0.0117914,-0.00204325,0.0117914
7.01e+10,Capacitance,1.05843e-12,-2.61075e-13,1.05843e-12
