Frequency,R11,R12,R21,R22,L11,L12,L21,L22,G11,G12,G21,G22,C11,C12,C21,C22
1.00E+08,1.65E+01,0.00E+00,0.00E+00,1.65E+01,4.45E-07,0.00E+00,0.00E+00,4.45E-07,7.94E-04,0.00E+00,0.00E+00,7.94E-04,7.55E-11,0.00E+00,0.00E+00,7.55E-11
2.00E+08,2.65E+01,0.00E+00,0.00E+00,2.65E+01,4.39E-07,0.00E+00,0.00E+00,4.39E-07,1.59E-03,0.00E+00,0.00E+00,1.59E-03,7.55E-11,0.00E+00,0.00E+00,7.55E-11
3.00E+08,3.43E+01,0.00E+00,0.00E+00,3.43E+01,4.37E-07,0.00E+00,0.00E+00,4.37E-07,2.38E-03,0.00E+00,0.00E+00,2.38E-03,7.55E-11,0.00E+00,0.00E+00,7.55E-11
4.00E+08,4.08E+01,0.00E+00,0.00E+00,4.08E+01,4.35E-07,0.00E+00,0.00E+00,4.35E-07,3.18E-03,0.00E+00,0.00E+00,3.18E-03,7.55E-11,0.00E+00,0.00E+00,7.55E-11
5.00E+08,4.65E+01,0.00E+00,0.00E+00,4.65E+01,4.35E-07,0.00E+00,0.00E+00,4.35E-07,3.97E-03,0.00E+00,0.00E+00,3.97E-03,7.55E-11,0.00E+00,0.00E+00,7.55E-11
6.00E+08,5.15E+01,0.00E+00,0.00E+00,5.15E+01,4.34E-07,0.00E+00,0.00E+00,4.34E-07,4.77E-03,0.00E+00,0.00E+00,4.77E-03,7.55E-11,0.00E+00,0.00E+00,7.55E-11
7.00E+08,5.61E+01,0.00E+00,0.00E+00,5.61E+01,4.33E-07,0.00E+00,0.00E+00,4.33E-07,5.56E-03,0.00E+00,0.00E+00,5.56E-03,7.55E-11,0.00E+00,0.00E+00,7.55E-11
8.00E+08,6.04E+01,0.00E+00,0.00E+00,6.04E+01,4.33E-07,0.00E+00,0.00E+00,4.33E-07,6.35E-03,0.00E+00,0.00E+00,6.35E-03,7.55E-11,0.00E+00,0.00E+00,7.55E-11
9.00E+08,6.43E+01,0.00E+00,0.00E+00,6.43E+01,4.32E-07,0.00E+00,0.00E+00,4.32E-07,7.15E-03,0.00E+00,0.00E+00,7.15E-03,7.55E-11,0.00E+00,0.00E+00,7.55E-11
1.00E+09,6.81E+01,0.00E+00,0.00E+00,6.81E+01,4.32E-07,0.00E+00,0.00E+00,4.32E-07,7.94E-03,0.00E+00,0.00E+00,7.94E-03,7.55E-11,0.00E+00,0.00E+00,7.55E-11
1.10E+09,7.16E+01,0.00E+00,0.00E+00,7.16E+01,4.32E-07,0.00E+00,0.00E+00,4.32E-07,8.74E-03,0.00E+00,0.00E+00,8.74E-03,7.55E-11,0.00E+00,0.00E+00,7.55E-11
1.20E+09,7.50E+01,0.00E+00,0.00E+00,7.50E+01,4.32E-07,0.00E+00,0.00E+00,4.32E-07,9.53E-03,0.00E+00,0.00E+00,9.53E-03,7.55E-11,0.00E+00,0.00E+00,7.55E-11
1.30E+09,7.82E+01,0.00E+00,0.00E+00,7.82E+01,4.31E-07,0.00E+00,0.00E+00,4.31E-07,1.03E-02,0.00E+00,0.00E+00,1.03E-02,7.55E-11,0.00E+00,0.00E+00,7.55E-11
1.40E+09,8.14E+01,0.00E+00,0.00E+00,8.14E+01,4.31E-07,0.00E+00,0.00E+00,4.31E-07,1.11E-02,0.00E+00,0.00E+00,1.11E-02,7.55E-11,0.00E+00,0.00E+00,7.55E-11
1.50E+09,8.43E+01,0.00E+00,0.00E+00,8.43E+01,4.31E-07,0.00E+00,0.00E+00,4.31E-07,1.19E-02,0.00E+00,0.00E+00,1.19E-02,7.55E-11,0.00E+00,0.00E+00,7.55E-11
1.60E+09,8.72E+01,0.00E+00,0.00E+00,8.72E+01,4.31E-07,0.00E+00,0.00E+00,4.31E-07,1.27E-02,0.00E+00,0.00E+00,1.27E-02,7.55E-11,0.00E+00,0.00E+00,7.55E-11
1.70E+09,9.00E+01,0.00E+00,0.00E+00,9.00E+01,4.31E-07,0.00E+00,0.00E+00,4.31E-07,1.35E-02,0.00E+00,0.00E+00,1.35E-02,7.55E-11,0.00E+00,0.00E+00,7.55E-11
1.80E+09,9.27E+01,0.00E+00,0.00E+00,9.27E+01,4.31E-07,0.00E+00,0.00E+00,4.31E-07,1.43E-02,0.00E+00,0.00E+00,1.43E-02,7.55E-11,0.00E+00,0.00E+00,7.55E-11
1.90E+09,9.54E+01,0.00E+00,0.00E+00,9.54E+01,4.31E-07,0.00E+00,0.00E+00,4.31E-07,1.51E-02,0.00E+00,0.00E+00,1.51E-02,7.55E-11,0.00E+00,0.00E+00,7.55E-11
2.00E+09,9.79E+01,0.00E+00,0.00E+00,9.79E+01,4.31E-07,0.00E+00,0.00E+00,4.31E-07,1.59E-02,0.00E+00,0.00E+00,1.59E-02,7.55E-11,0.00E+00,0.00E+00,7.55E-11
2.10E+09,1.00E+02,0.00E+00,0.00E+00,1.00E+02,4.30E-07,0.00E+00,0.00E+00,4.30E-07,1.67E-02,0.00E+00,0.00E+00,1.67E-02,7.55E-11,0.00E+00,0.00E+00,7.55E-11
2.20E+09,1.03E+02,0.00E+00,0.00E+00,1.03E+02,4.30E-07,0.00E+00,0.00E+00,4.30E-07,1.75E-02,0.00E+00,0.00E+00,1.75E-02,7.55E-11,0.00E+00,0.00E+00,7.55E-11
2.30E+09,1.05E+02,0.00E+00,0.00E+00,1.05E+02,4.30E-07,0.00E+00,0.00E+00,4.30E-07,1.83E-02,0.00E+00,0.00E+00,1.83E-02,7.55E-11,0.00E+00,0.00E+00,7.55E-11
2.40E+09,1.08E+02,0.00E+00,0.00E+00,1.08E+02,4.30E-07,0.00E+00,0.00E+00,4.30E-07,1.91E-02,0.00E+00,0.00E+00,1.91E-02,7.55E-11,0.00E+00,0.00E+00,7.55E-11
2.50E+09,1.10E+02,0.00E+00,0.00E+00,1.10E+02,4.30E-07,0.00E+00,0.00E+00,4.30E-07,1.99E-02,0.00E+00,0.00E+00,1.99E-02,7.55E-11,0.00E+00,0.00E+00,7.55E-11
2.60E+09,1.12E+02,0.00E+00,0.00E+00,1.12E+02,4.30E-07,0.00E+00,0.00E+00,4.30E-07,2.06E-02,0.00E+00,0.00E+00,2.06E-02,7.55E-11,0.00E+00,0.00E+00,7.55E-11
2.70E+09,1.14E+02,0.00E+00,0.00E+00,1.14E+02,4.30E-07,0.00E+00,0.00E+00,4.30E-07,2.14E-02,0.00E+00,0.00E+00,2.14E-02,7.55E-11,0.00E+00,0.00E+00,7.55E-11
2.80E+09,1.16E+02,0.00E+00,0.00E+00,1.16E+02,4.30E-07,0.00E+00,0.00E+00,4.30E-07,2.22E-02,0.00E+00,0.00E+00,2.22E-02,7.55E-11,0.00E+00,0.00E+00,7.55E-11
2.90E+09,1.18E+02,0.00E+00,0.00E+00,1.18E+02,4.30E-07,0.00E+00,0.00E+00,4.30E-07,2.30E-02,0.00E+00,0.00E+00,2.30E-02,7.55E-11,0.00E+00,0.00E+00,7.55E-11
3.00E+09,1.21E+02,0.00E+00,0.00E+00,1.21E+02,4.30E-07,0.00E+00,0.00E+00,4.30E-07,2.38E-02,0.00E+00,0.00E+00,2.38E-02,7.55E-11,0.00E+00,0.00E+00,7.55E-11
3.10E+09,1.23E+02,0.00E+00,0.00E+00,1.23E+02,4.30E-07,0.00E+00,0.00E+00,4.30E-07,2.46E-02,0.00E+00,0.00E+00,2.46E-02,7.55E-11,0.00E+00,0.00E+00,7.55E-11
3.20E+09,1.25E+02,0.00E+00,0.00E+00,1.25E+02,4.30E-07,0.00E+00,0.00E+00,4.30E-07,2.54E-02,0.00E+00,0.00E+00,2.54E-02,7.55E-11,0.00E+00,0.00E+00,7.55E-11
3.30E+09,1.27E+02,0.00E+00,0.00E+00,1.27E+02,4.30E-07,0.00E+00,0.00E+00,4.30E-07,2.62E-02,0.00E+00,0.00E+00,2.62E-02,7.55E-11,0.00E+00,0.00E+00,7.55E-11
3.40E+09,1.28E+02,0.00E+00,0.00E+00,1.28E+02,4.30E-07,0.00E+00,0.00E+00,4.30E-07,2.70E-02,0.00E+00,0.00E+00,2.70E-02,7.55E-11,0.00E+00,0.00E+00,7.55E-11
3.50E+09,1.30E+02,0.00E+00,0.00E+00,1.30E+02,4.30E-07,0.00E+00,0.00E+00,4.30E-07,2.78E-02,0.00E+00,0.00E+00,2.78E-02,7.55E-11,0.00E+00,0.00E+00,7.55E-11
3.60E+09,1.32E+02,0.00E+00,0.00E+00,1.32E+02,4.29E-07,0.00E+00,0.00E+00,4.29E-07,2.86E-02,0.00E+00,0.00E+00,2.86E-02,7.55E-11,0.00E+00,0.00E+00,7.55E-11
3.70E+09,1.34E+02,0.00E+00,0.00E+00,1.34E+02,4.29E-07,0.00E+00,0.00E+00,4.29E-07,2.94E-02,0.00E+00,0.00E+00,2.94E-02,7.55E-11,0.00E+00,0.00E+00,7.55E-11
3.80E+09,1.36E+02,0.00E+00,0.00E+00,1.36E+02,4.29E-07,0.00E+00,0.00E+00,4.29E-07,3.02E-02,0.00E+00,0.00E+00,3.02E-02,7.55E-11,0.00E+00,0.00E+00,7.55E-11
3.90E+09,1.38E+02,0.00E+00,0.00E+00,1.38E+02,4.29E-07,0.00E+00,0.00E+00,4.29E-07,3.10E-02,0.00E+00,0.00E+00,3.10E-02,7.55E-11,0.00E+00,0.00E+00,7.55E-11
4.00E+09,1.40E+02,0.00E+00,0.00E+00,1.40E+02,4.29E-07,0.00E+00,0.00E+00,4.29E-07,3.18E-02,0.00E+00,0.00E+00,3.18E-02,7.55E-11,0.00E+00,0.00E+00,7.55E-11
4.10E+09,1.41E+02,0.00E+00,0.00E+00,1.41E+02,4.29E-07,0.00E+00,0.00E+00,4.29E-07,3.26E-02,0.00E+00,0.00E+00,3.26E-02,7.55E-11,0.00E+00,0.00E+00,7.55E-11
4.20E+09,1.43E+02,0.00E+00,0.00E+00,1.43E+02,4.29E-07,0.00E+00,0.00E+00,4.29E-07,3.34E-02,0.00E+00,0.00E+00,3.34E-02,7.55E-11,0.00E+00,0.00E+00,7.55E-11
4.30E+09,1.45E+02,0.00E+00,0.00E+00,1.45E+02,4.29E-07,0.00E+00,0.00E+00,4.29E-07,3.41E-02,0.00E+00,0.00E+00,3.41E-02,7.55E-11,0.00E+00,0.00E+00,7.55E-11
4.40E+09,1.46E+02,0.00E+00,0.00E+00,1.46E+02,4.29E-07,0.00E+00,0.00E+00,4.29E-07,3.49E-02,0.00E+00,0.00E+00,3.49E-02,7.55E-11,0.00E+00,0.00E+00,7.55E-11
4.50E+09,1.48E+02,0.00E+00,0.00E+00,1.48E+02,4.29E-07,0.00E+00,0.00E+00,4.29E-07,3.57E-02,0.00E+00,0.00E+00,3.57E-02,7.55E-11,0.00E+00,0.00E+00,7.55E-11
4.60E+09,1.50E+02,0.00E+00,0.00E+00,1.50E+02,4.29E-07,0.00E+00,0.00E+00,4.29E-07,3.65E-02,0.00E+00,0.00E+00,3.65E-02,7.55E-11,0.00E+00,0.00E+00,7.55E-11
4.70E+09,1.51E+02,0.00E+00,0.00E+00,1.51E+02,4.29E-07,0.00E+00,0.00E+00,4.29E-07,3.73E-02,0.00E+00,0.00E+00,3.73E-02,7.55E-11,0.00E+00,0.00E+00,7.55E-11
4.80E+09,1.53E+02,0.00E+00,0.00E+00,1.53E+02,4.29E-07,0.00E+00,0.00E+00,4.29E-07,3.81E-02,0.00E+00,0.00E+00,3.81E-02,7.55E-11,0.00E+00,0.00E+00,7.55E-11
4.90E+09,1.55E+02,0.00E+00,0.00E+00,1.55E+02,4.29E-07,0.00E+00,0.00E+00,4.29E-07,3.89E-02,0.00E+00,0.00E+00,3.89E-02,7.55E-11,0.00E+00,0.00E+00,7.55E-11
5.00E+09,1.56E+02,0.00E+00,0.00E+00,1.56E+02,4.29E-07,0.00E+00,0.00E+00,4.29E-07,3.97E-02,0.00E+00,0.00E+00,3.97E-02,7.55E-11,0.00E+00,0.00E+00,7.55E-11
5.10E+09,1.58E+02,0.00E+00,0.00E+00,1.58E+02,4.29E-07,0.00E+00,0.00E+00,4.29E-07,4.05E-02,0.00E+00,0.00E+00,4.05E-02,7.55E-11,0.00E+00,0.00E+00,7.55E-11
5.20E+09,1.59E+02,0.00E+00,0.00E+00,1.59E+02,4.29E-07,0.00E+00,0.00E+00,4.29E-07,4.13E-02,0.00E+00,0.00E+00,4.13E-02,7.55E-11,0.00E+00,0.00E+00,7.55E-11
5.30E+09,1.61E+02,0.00E+00,0.00E+00,1.61E+02,4.29E-07,0.00E+00,0.00E+00,4.29E-07,4.21E-02,0.00E+00,0.00E+00,4.21E-02,7.55E-11,0.00E+00,0.00E+00,7.55E-11
5.40E+09,1.62E+02,0.00E+00,0.00E+00,1.62E+02,4.29E-07,0.00E+00,0.00E+00,4.29E-07,4.29E-02,0.00E+00,0.00E+00,4.29E-02,7.55E-11,0.00E+00,0.00E+00,7.55E-11
5.50E+09,1.64E+02,0.00E+00,0.00E+00,1.64E+02,4.29E-07,0.00E+00,0.00E+00,4.29E-07,4.37E-02,0.00E+00,0.00E+00,4.37E-02,7.55E-11,0.00E+00,0.00E+00,7.55E-11
5.60E+09,1.65E+02,0.00E+00,0.00E+00,1.65E+02,4.29E-07,0.00E+00,0.00E+00,4.29E-07,4.45E-02,0.00E+00,0.00E+00,4.45E-02,7.55E-11,0.00E+00,0.00E+00,7.55E-11
5.70E+09,1.67E+02,0.00E+00,0.00E+00,1.67E+02,4.29E-07,0.00E+00,0.00E+00,4.29E-07,4.53E-02,0.00E+00,0.00E+00,4.53E-02,7.55E-11,0.00E+00,0.00E+00,7.55E-11
5.80E+09,1.68E+02,0.00E+00,0.00E+00,1.68E+02,4.29E-07,0.00E+00,0.00E+00,4.29E-07,4.61E-02,0.00E+00,0.00E+00,4.61E-02,7.55E-11,0.00E+00,0.00E+00,7.55E-11
5.90E+09,1.70E+02,0.00E+00,0.00E+00,1.70E+02,4.29E-07,0.00E+00,0.00E+00,4.29E-07,4.69E-02,0.00E+00,0.00E+00,4.69E-02,7.55E-11,0.00E+00,0.00E+00,7.55E-11
6.00E+09,1.71E+02,0.00E+00,0.00E+00,1.71E+02,4.29E-07,0.00E+00,0.00E+00,4.29E-07,4.77E-02,0.00E+00,0.00E+00,4.77E-02,7.55E-11,0.00E+00,0.00E+00,7.55E-11
6.10E+09,1.73E+02,0.00E+00,0.00E+00,1.73E+02,4.29E-07,0.00E+00,0.00E+00,4.29E-07,4.84E-02,0.00E+00,0.00E+00,4.84E-02,7.55E-11,0.00E+00,0.00E+00,7.55E-11
6.20E+09,1.74E+02,0.00E+00,0.00E+00,1.74E+02,4.29E-07,0.00E+00,0.00E+00,4.29E-07,4.92E-02,0.00E+00,0.00E+00,4.92E-02,7.55E-11,0.00E+00,0.00E+00,7.55E-11
6.30E+09,1.76E+02,0.00E+00,0.00E+00,1.76E+02,4.29E-07,0.00E+00,0.00E+00,4.29E-07,5.00E-02,0.00E+00,0.00E+00,5.00E-02,7.55E-11,0.00E+00,0.00E+00,7.55E-11
6.40E+09,1.77E+02,0.00E+00,0.00E+00,1.77E+02,4.29E-07,0.00E+00,0.00E+00,4.29E-07,5.08E-02,0.00E+00,0.00E+00,5.08E-02,7.55E-11,0.00E+00,0.00E+00,7.55E-11
6.50E+09,1.78E+02,0.00E+00,0.00E+00,1.78E+02,4.29E-07,0.00E+00,0.00E+00,4.29E-07,5.16E-02,0.00E+00,0.00E+00,5.16E-02,7.55E-11,0.00E+00,0.00E+00,7.55E-11
6.60E+09,1.80E+02,0.00E+00,0.00E+00,1.80E+02,4.29E-07,0.00E+00,0.00E+00,4.29E-07,5.24E-02,0.00E+00,0.00E+00,5.24E-02,7.55E-11,0.00E+00,0.00E+00,7.55E-11
6.70E+09,1.81E+02,0.00E+00,0.00E+00,1.81E+02,4.29E-07,0.00E+00,0.00E+00,4.29E-07,5.32E-02,0.00E+00,0.00E+00,5.32E-02,7.55E-11,0.00E+00,0.00E+00,7.55E-11
6.80E+09,1.82E+02,0.00E+00,0.00E+00,1.82E+02,4.29E-07,0.00E+00,0.00E+00,4.29E-07,5.40E-02,0.00E+00,0.00E+00,5.40E-02,7.55E-11,0.00E+00,0.00E+00,7.55E-11
6.90E+09,1.84E+02,0.00E+00,0.00E+00,1.84E+02,4.29E-07,0.00E+00,0.00E+00,4.29E-07,5.48E-02,0.00E+00,0.00E+00,5.48E-02,7.55E-11,0.00E+00,0.00E+00,7.55E-11
7.00E+09,1.85E+02,0.00E+00,0.00E+00,1.85E+02,4.29E-07,0.00E+00,0.00E+00,4.29E-07,5.56E-02,0.00E+00,0.00E+00,5.56E-02,7.55E-11,0.00E+00,0.00E+00,7.55E-11
7.10E+09,1.86E+02,0.00E+00,0.00E+00,1.86E+02,4.29E-07,0.00E+00,0.00E+00,4.29E-07,5.64E-02,0.00E+00,0.00E+00,5.64E-02,7.55E-11,0.00E+00,0.00E+00,7.55E-11
7.20E+09,1.88E+02,0.00E+00,0.00E+00,1.88E+02,4.29E-07,0.00E+00,0.00E+00,4.29E-07,5.72E-02,0.00E+00,0.00E+00,5.72E-02,7.55E-11,0.00E+00,0.00E+00,7.55E-11
7.30E+09,1.89E+02,0.00E+00,0.00E+00,1.89E+02,4.29E-07,0.00E+00,0.00E+00,4.29E-07,5.80E-02,0.00E+00,0.00E+00,5.80E-02,7.55E-11,0.00E+00,0.00E+00,7.55E-11
7.40E+09,1.90E+02,0.00E+00,0.00E+00,1.90E+02,4.29E-07,0.00E+00,0.00E+00,4.29E-07,5.88E-02,0.00E+00,0.00E+00,5.88E-02,7.55E-11,0.00E+00,0.00E+00,7.55E-11
7.50E+09,1.92E+02,0.00E+00,0.00E+00,1.92E+02,4.29E-07,0.00E+00,0.00E+00,4.29E-07,5.96E-02,0.00E+00,0.00E+00,5.96E-02,7.55E-11,0.00E+00,0.00E+00,7.55E-11
7.60E+09,1.93E+02,0.00E+00,0.00E+00,1.93E+02,4.29E-07,0.00E+00,0.00E+00,4.29E-07,6.04E-02,0.00E+00,0.00E+00,6.04E-02,7.55E-11,0.00E+00,0.00E+00,7.55E-11
7.70E+09,1.94E+02,0.00E+00,0.00E+00,1.94E+02,4.29E-07,0.00E+00,0.00E+00,4.29E-07,6.12E-02,0.00E+00,0.00E+00,6.12E-02,7.55E-11,0.00E+00,0.00E+00,7.55E-11
7.80E+09,1.96E+02,0.00E+00,0.00E+00,1.96E+02,4.29E-07,0.00E+00,0.00E+00,4.29E-07,6.19E-02,0.00E+00,0.00E+00,6.19E-02,7.55E-11,0.00E+00,0.00E+00,7.55E-11
7.90E+09,1.97E+02,0.00E+00,0.00E+00,1.97E+02,4.29E-07,0.00E+00,0.00E+00,4.29E-07,6.27E-02,0.00E+00,0.00E+00,6.27E-02,7.55E-11,0.00E+00,0.00E+00,7.55E-11
8.00E+09,1.98E+02,0.00E+00,0.00E+00,1.98E+02,4.29E-07,0.00E+00,0.00E+00,4.29E-07,6.35E-02,0.00E+00,0.00E+00,6.35E-02,7.55E-11,0.00E+00,0.00E+00,7.55E-11
8.10E+09,1.99E+02,0.00E+00,0.00E+00,1.99E+02,4.29E-07,0.00E+00,0.00E+00,4.29E-07,6.43E-02,0.00E+00,0.00E+00,6.43E-02,7.55E-11,0.00E+00,0.00E+00,7.55E-11
8.20E+09,2.01E+02,0.00E+00,0.00E+00,2.01E+02,4.28E-07,0.00E+00,0.00E+00,4.28E-07,6.51E-02,0.00E+00,0.00E+00,6.51E-02,7.55E-11,0.00E+00,0.00E+00,7.55E-11
8.30E+09,2.02E+02,0.00E+00,0.00E+00,2.02E+02,4.28E-07,0.00E+00,0.00E+00,4.28E-07,6.59E-02,0.00E+00,0.00E+00,6.59E-02,7.55E-11,0.00E+00,0.00E+00,7.55E-11
8.40E+09,2.03E+02,0.00E+00,0.00E+00,2.03E+02,4.28E-07,0.00E+00,0.00E+00,4.28E-07,6.67E-02,0.00E+00,0.00E+00,6.67E-02,7.55E-11,0.00E+00,0.00E+00,7.55E-11
8.50E+09,2.04E+02,0.00E+00,0.00E+00,2.04E+02,4.28E-07,0.00E+00,0.00E+00,4.28E-07,6.75E-02,0.00E+00,0.00E+00,6.75E-02,7.55E-11,0.00E+00,0.00E+00,7.55E-11
8.60E+09,2.05E+02,0.00E+00,0.00E+00,2.05E+02,4.28E-07,0.00E+00,0.00E+00,4.28E-07,6.83E-02,0.00E+00,0.00E+00,6.83E-02,7.55E-11,0.00E+00,0.00E+00,7.55E-11
8.70E+09,2.07E+02,0.00E+00,0.00E+00,2.07E+02,4.28E-07,0.00E+00,0.00E+00,4.28E-07,6.91E-02,0.00E+00,0.00E+00,6.91E-02,7.55E-11,0.00E+00,0.00E+00,7.55E-11
8.80E+09,2.08E+02,0.00E+00,0.00E+00,2.08E+02,4.28E-07,0.00E+00,0.00E+00,4.28E-07,6.99E-02,0.00E+00,0.00E+00,6.99E-02,7.55E-11,0.00E+00,0.00E+00,7.55E-11
8.90E+09,2.09E+02,0.00E+00,0.00E+00,2.09E+02,4.28E-07,0.00E+00,0.00E+00,4.28E-07,7.07E-02,0.00E+00,0.00E+00,7.07E-02,7.55E-11,0.00E+00,0.00E+00,7.55E-11
9.00E+09,2.10E+02,0.00E+00,0.00E+00,2.10E+02,4.28E-07,0.00E+00,0.00E+00,4.28E-07,7.15E-02,0.00E+00,0.00E+00,7.15E-02,7.55E-11,0.00E+00,0.00E+00,7.55E-11
9.10E+09,2.11E+02,0.00E+00,0.00E+00,2.11E+02,4.28E-07,0.00E+00,0.00E+00,4.28E-07,7.23E-02,0.00E+00,0.00E+00,7.23E-02,7.55E-11,0.00E+00,0.00E+00,7.55E-11
9.20E+09,2.12E+02,0.00E+00,0.00E+00,2.12E+02,4.28E-07,0.00E+00,0.00E+00,4.28E-07,7.31E-02,0.00E+00,0.00E+00,7.31E-02,7.55E-11,0.00E+00,0.00E+00,7.55E-11
9.30E+09,2.14E+02,0.00E+00,0.00E+00,2.14E+02,4.28E-07,0.00E+00,0.00E+00,4.28E-07,7.39E-02,0.00E+00,0.00E+00,7.39E-02,7.55E-11,0.00E+00,0.00E+00,7.55E-11
9.40E+09,2.15E+02,0.00E+00,0.00E+00,2.15E+02,4.28E-07,0.00E+00,0.00E+00,4.28E-07,7.47E-02,0.00E+00,0.00E+00,7.47E-02,7.55E-11,0.00E+00,0.00E+00,7.55E-11
9.50E+09,2.16E+02,0.00E+00,0.00E+00,2.16E+02,4.28E-07,0.00E+00,0.00E+00,4.28E-07,7.54E-02,0.00E+00,0.00E+00,7.54E-02,7.55E-11,0.00E+00,0.00E+00,7.55E-11
9.60E+09,2.17E+02,0.00E+00,0.00E+00,2.17E+02,4.28E-07,0.00E+00,0.00E+00,4.28E-07,7.62E-02,0.00E+00,0.00E+00,7.62E-02,7.55E-11,0.00E+00,0.00E+00,7.55E-11
9.70E+09,2.18E+02,0.00E+00,0.00E+00,2.18E+02,4.28E-07,0.00E+00,0.00E+00,4.28E-07,7.70E-02,0.00E+00,0.00E+00,7.70E-02,7.55E-11,0.00E+00,0.00E+00,7.55E-11
9.80E+09,2.19E+02,0.00E+00,0.00E+00,2.19E+02,4.28E-07,0.00E+00,0.00E+00,4.28E-07,7.78E-02,0.00E+00,0.00E+00,7.78E-02,7.55E-11,0.00E+00,0.00E+00,7.55E-11
9.90E+09,2.20E+02,0.00E+00,0.00E+00,2.20E+02,4.28E-07,0.00E+00,0.00E+00,4.28E-07,7.86E-02,0.00E+00,0.00E+00,7.86E-02,7.55E-11,0.00E+00,0.00E+00,7.55E-11
1.00E+10,2.22E+02,0.00E+00,0.00E+00,2.22E+02,4.28E-07,0.00E+00,0.00E+00,4.28E-07,7.94E-02,0.00E+00,0.00E+00,7.94E-02,7.55E-11,0.00E+00,0.00E+00,7.55E-11
1.01E+10,2.23E+02,0.00E+00,0.00E+00,2.23E+02,4.28E-07,0.00E+00,0.00E+00,4.28E-07,8.02E-02,0.00E+00,0.00E+00,8.02E-02,7.55E-11,0.00E+00,0.00E+00,7.55E-11
1.02E+10,2.24E+02,0.00E+00,0.00E+00,2.24E+02,4.28E-07,0.00E+00,0.00E+00,4.28E-07,8.10E-02,0.00E+00,0.00E+00,8.10E-02,7.55E-11,0.00E+00,0.00E+00,7.55E-11
1.03E+10,2.25E+02,0.00E+00,0.00E+00,2.25E+02,4.28E-07,0.00E+00,0.00E+00,4.28E-07,8.18E-02,0.00E+00,0.00E+00,8.18E-02,7.55E-11,0.00E+00,0.00E+00,7.55E-11
1.04E+10,2.26E+02,0.00E+00,0.00E+00,2.26E+02,4.28E-07,0.00E+00,0.00E+00,4.28E-07,8.26E-02,0.00E+00,0.00E+00,8.26E-02,7.55E-11,0.00E+00,0.00E+00,7.55E-11
1.05E+10,2.27E+02,0.00E+00,0.00E+00,2.27E+02,4.28E-07,0.00E+00,0.00E+00,4.28E-07,8.34E-02,0.00E+00,0.00E+00,8.34E-02,7.55E-11,0.00E+00,0.00E+00,7.55E-11
1.06E+10,2.28E+02,0.00E+00,0.00E+00,2.28E+02,4.28E-07,0.00E+00,0.00E+00,4.28E-07,8.42E-02,0.00E+00,0.00E+00,8.42E-02,7.55E-11,0.00E+00,0.00E+00,7.55E-11
1.07E+10,2.29E+02,0.00E+00,0.00E+00,2.29E+02,4.28E-07,0.00E+00,0.00E+00,4.28E-07,8.50E-02,0.00E+00,0.00E+00,8.50E-02,7.55E-11,0.00E+00,0.00E+00,7.55E-11
1.08E+10,2.30E+02,0.00E+00,0.00E+00,2.30E+02,4.28E-07,0.00E+00,0.00E+00,4.28E-07,8.58E-02,0.00E+00,0.00E+00,8.58E-02,7.55E-11,0.00E+00,0.00E+00,7.55E-11
1.09E+10,2.31E+02,0.00E+00,0.00E+00,2.31E+02,4.28E-07,0.00E+00,0.00E+00,4.28E-07,8.66E-02,0.00E+00,0.00E+00,8.66E-02,7.55E-11,0.00E+00,0.00E+00,7.55E-11
1.10E+10,2.32E+02,0.00E+00,0.00E+00,2.32E+02,4.28E-07,0.00E+00,0.00E+00,4.28E-07,8.74E-02,0.00E+00,0.00E+00,8.74E-02,7.55E-11,0.00E+00,0.00E+00,7.55E-11
1.11E+10,2.33E+02,0.00E+00,0.00E+00,2.33E+02,4.28E-07,0.00E+00,0.00E+00,4.28E-07,8.82E-02,0.00E+00,0.00E+00,8.82E-02,7.55E-11,0.00E+00,0.00E+00,7.55E-11
1.12E+10,2.35E+02,0.00E+00,0.00E+00,2.35E+02,4.28E-07,0.00E+00,0.00E+00,4.28E-07,8.89E-02,0.00E+00,0.00E+00,8.89E-02,7.55E-11,0.00E+00,0.00E+00,7.55E-11
1.13E+10,2.36E+02,0.00E+00,0.00E+00,2.36E+02,4.28E-07,0.00E+00,0.00E+00,4.28E-07,8.97E-02,0.00E+00,0.00E+00,8.97E-02,7.55E-11,0.00E+00,0.00E+00,7.55E-11
1.14E+10,2.37E+02,0.00E+00,0.00E+00,2.37E+02,4.28E-07,0.00E+00,0.00E+00,4.28E-07,9.05E-02,0.00E+00,0.00E+00,9.05E-02,7.55E-11,0.00E+00,0.00E+00,7.55E-11
1.15E+10,2.38E+02,0.00E+00,0.00E+00,2.38E+02,4.28E-07,0.00E+00,0.00E+00,4.28E-07,9.13E-02,0.00E+00,0.00E+00,9.13E-02,7.55E-11,0.00E+00,0.00E+00,7.55E-11
1.16E+10,2.39E+02,0.00E+00,0.00E+00,2.39E+02,4.28E-07,0.00E+00,0.00E+00,4.28E-07,9.21E-02,0.00E+00,0.00E+00,9.21E-02,7.55E-11,0.00E+00,0.00E+00,7.55E-11
1.17E+10,2.40E+02,0.00E+00,0.00E+00,2.40E+02,4.28E-07,0.00E+00,0.00E+00,4.28E-07,9.29E-02,0.00E+00,0.00E+00,9.29E-02,7.55E-11,0.00E+00,0.00E+00,7.55E-11
1.18E+10,2.41E+02,0.00E+00,0.00E+00,2.41E+02,4.28E-07,0.00E+00,0.00E+00,4.28E-07,9.37E-02,0.00E+00,0.00E+00,9.37E-02,7.55E-11,0.00E+00,0.00E+00,7.55E-11
1.19E+10,2.42E+02,0.00E+00,0.00E+00,2.42E+02,4.28E-07,0.00E+00,0.00E+00,4.28E-07,9.45E-02,0.00E+00,0.00E+00,9.45E-02,7.55E-11,0.00E+00,0.00E+00,7.55E-11
1.20E+10,2.43E+02,0.00E+00,0.00E+00,2.43E+02,4.28E-07,0.00E+00,0.00E+00,4.28E-07,9.53E-02,0.00E+00,0.00E+00,9.53E-02,7.55E-11,0.00E+00,0.00E+00,7.55E-11
1.21E+10,2.44E+02,0.00E+00,0.00E+00,2.44E+02,4.28E-07,0.00E+00,0.00E+00,4.28E-07,9.61E-02,0.00E+00,0.00E+00,9.61E-02,7.55E-11,0.00E+00,0.00E+00,7.55E-11
1.22E+10,2.45E+02,0.00E+00,0.00E+00,2.45E+02,4.28E-07,0.00E+00,0.00E+00,4.28E-07,9.69E-02,0.00E+00,0.00E+00,9.69E-02,7.55E-11,0.00E+00,0.00E+00,7.55E-11
1.23E+10,2.46E+02,0.00E+00,0.00E+00,2.46E+02,4.28E-07,0.00E+00,0.00E+00,4.28E-07,9.77E-02,0.00E+00,0.00E+00,9.77E-02,7.55E-11,0.00E+00,0.00E+00,7.55E-11
1.24E+10,2.47E+02,0.00E+00,0.00E+00,2.47E+02,4.28E-07,0.00E+00,0.00E+00,4.28E-07,9.85E-02,0.00E+00,0.00E+00,9.85E-02,7.55E-11,0.00E+00,0.00E+00,7.55E-11
1.25E+10,2.48E+02,0.00E+00,0.00E+00,2.48E+02,4.28E-07,0.00E+00,0.00E+00,4.28E-07,9.93E-02,0.00E+00,0.00E+00,9.93E-02,7.55E-11,0.00E+00,0.00E+00,7.55E-11
1.26E+10,2.49E+02,0.00E+00,0.00E+00,2.49E+02,4.28E-07,0.00E+00,0.00E+00,4.28E-07,1.00E-01,0.00E+00,0.00E+00,1.00E-01,7.55E-11,0.00E+00,0.00E+00,7.55E-11
1.27E+10,2.50E+02,0.00E+00,0.00E+00,2.50E+02,4.28E-07,0.00E+00,0.00E+00,4.28E-07,1.01E-01,0.00E+00,0.00E+00,1.01E-01,7.55E-11,0.00E+00,0.00E+00,7.55E-11
1.28E+10,2.51E+02,0.00E+00,0.00E+00,2.51E+02,4.28E-07,0.00E+00,0.00E+00,4.28E-07,1.02E-01,0.00E+00,0.00E+00,1.02E-01,7.55E-11,0.00E+00,0.00E+00,7.55E-11
1.29E+10,2.52E+02,0.00E+00,0.00E+00,2.52E+02,4.28E-07,0.00E+00,0.00E+00,4.28E-07,1.02E-01,0.00E+00,0.00E+00,1.02E-01,7.55E-11,0.00E+00,0.00E+00,7.55E-11
1.30E+10,2.53E+02,0.00E+00,0.00E+00,2.53E+02,4.28E-07,0.00E+00,0.00E+00,4.28E-07,1.03E-01,0.00E+00,0.00E+00,1.03E-01,7.55E-11,0.00E+00,0.00E+00,7.55E-11
1.31E+10,2.54E+02,0.00E+00,0.00E+00,2.54E+02,4.28E-07,0.00E+00,0.00E+00,4.28E-07,1.04E-01,0.00E+00,0.00E+00,1.04E-01,7.55E-11,0.00E+00,0.00E+00,7.55E-11
1.32E+10,2.55E+02,0.00E+00,0.00E+00,2.55E+02,4.28E-07,0.00E+00,0.00E+00,4.28E-07,1.05E-01,0.00E+00,0.00E+00,1.05E-01,7.55E-11,0.00E+00,0.00E+00,7.55E-11
1.33E+10,2.56E+02,0.00E+00,0.00E+00,2.56E+02,4.28E-07,0.00E+00,0.00E+00,4.28E-07,1.06E-01,0.00E+00,0.00E+00,1.06E-01,7.55E-11,0.00E+00,0.00E+00,7.55E-11
1.34E+10,2.57E+02,0.00E+00,0.00E+00,2.57E+02,4.28E-07,0.00E+00,0.00E+00,4.28E-07,1.06E-01,0.00E+00,0.00E+00,1.06E-01,7.55E-11,0.00E+00,0.00E+00,7.55E-11
1.35E+10,2.58E+02,0.00E+00,0.00E+00,2.58E+02,4.28E-07,0.00E+00,0.00E+00,4.28E-07,1.07E-01,0.00E+00,0.00E+00,1.07E-01,7.55E-11,0.00E+00,0.00E+00,7.55E-11
1.36E+10,2.59E+02,0.00E+00,0.00E+00,2.59E+02,4.28E-07,0.00E+00,0.00E+00,4.28E-07,1.08E-01,0.00E+00,0.00E+00,1.08E-01,7.55E-11,0.00E+00,0.00E+00,7.55E-11
1.37E+10,2.59E+02,0.00E+00,0.00E+00,2.59E+02,4.28E-07,0.00E+00,0.00E+00,4.28E-07,1.09E-01,0.00E+00,0.00E+00,1.09E-01,7.55E-11,0.00E+00,0.00E+00,7.55E-11
1.38E+10,2.60E+02,0.00E+00,0.00E+00,2.60E+02,4.28E-07,0.00E+00,0.00E+00,4.28E-07,1.10E-01,0.00E+00,0.00E+00,1.10E-01,7.55E-11,0.00E+00,0.00E+00,7.55E-11
1.39E+10,2.61E+02,0.00E+00,0.00E+00,2.61E+02,4.28E-07,0.00E+00,0.00E+00,4.28E-07,1.10E-01,0.00E+00,0.00E+00,1.10E-01,7.55E-11,0.00E+00,0.00E+00,7.55E-11
1.40E+10,2.62E+02,0.00E+00,0.00E+00,2.62E+02,4.28E-07,0.00E+00,0.00E+00,4.28E-07,1.11E-01,0.00E+00,0.00E+00,1.11E-01,7.55E-11,0.00E+00,0.00E+00,7.55E-11
1.41E+10,2.63E+02,0.00E+00,0.00E+00,2.63E+02,4.28E-07,0.00E+00,0.00E+00,4.28E-07,1.12E-01,0.00E+00,0.00E+00,1.12E-01,7.55E-11,0.00E+00,0.00E+00,7.55E-11
1.42E+10,2.64E+02,0.00E+00,0.00E+00,2.64E+02,4.28E-07,0.00E+00,0.00E+00,4.28E-07,1.13E-01,0.00E+00,0.00E+00,1.13E-01,7.55E-11,0.00E+00,0.00E+00,7.55E-11
1.43E+10,2.65E+02,0.00E+00,0.00E+00,2.65E+02,4.28E-07,0.00E+00,0.00E+00,4.28E-07,1.14E-01,0.00E+00,0.00E+00,1.14E-01,7.55E-11,0.00E+00,0.00E+00,7.55E-11
1.44E+10,2.66E+02,0.00E+00,0.00E+00,2.66E+02,4.28E-07,0.00E+00,0.00E+00,4.28E-07,1.14E-01,0.00E+00,0.00E+00,1.14E-01,7.55E-11,0.00E+00,0.00E+00,7.55E-11
1.45E+10,2.67E+02,0.00E+00,0.00E+00,2.67E+02,4.28E-07,0.00E+00,0.00E+00,4.28E-07,1.15E-01,0.00E+00,0.00E+00,1.15E-01,7.55E-11,0.00E+00,0.00E+00,7.55E-11
1.46E+10,2.68E+02,0.00E+00,0.00E+00,2.68E+02,4.28E-07,0.00E+00,0.00E+00,4.28E-07,1.16E-01,0.00E+00,0.00E+00,1.16E-01,7.55E-11,0.00E+00,0.00E+00,7.55E-11
1.47E+10,2.69E+02,0.00E+00,0.00E+00,2.69E+02,4.28E-07,0.00E+00,0.00E+00,4.28E-07,1.17E-01,0.00E+00,0.00E+00,1.17E-01,7.55E-11,0.00E+00,0.00E+00,7.55E-11
1.48E+10,2.70E+02,0.00E+00,0.00E+00,2.70E+02,4.28E-07,0.00E+00,0.00E+00,4.28E-07,1.18E-01,0.00E+00,0.00E+00,1.18E-01,7.55E-11,0.00E+00,0.00E+00,7.55E-11
1.49E+10,2.71E+02,0.00E+00,0.00E+00,2.71E+02,4.28E-07,0.00E+00,0.00E+00,4.28E-07,1.18E-01,0.00E+00,0.00E+00,1.18E-01,7.55E-11,0.00E+00,0.00E+00,7.55E-11
1.50E+10,2.72E+02,0.00E+00,0.00E+00,2.72E+02,4.28E-07,0.00E+00,0.00E+00,4.28E-07,1.19E-01,0.00E+00,0.00E+00,1.19E-01,7.55E-11,0.00E+00,0.00E+00,7.55E-11
1.51E+10,2.72E+02,0.00E+00,0.00E+00,2.72E+02,4.28E-07,0.00E+00,0.00E+00,4.28E-07,1.20E-01,0.00E+00,0.00E+00,1.20E-01,7.55E-11,0.00E+00,0.00E+00,7.55E-11
1.52E+10,2.73E+02,0.00E+00,0.00E+00,2.73E+02,4.28E-07,0.00E+00,0.00E+00,4.28E-07,1.21E-01,0.00E+00,0.00E+00,1.21E-01,7.55E-11,0.00E+00,0.00E+00,7.55E-11
1.53E+10,2.74E+02,0.00E+00,0.00E+00,2.74E+02,4.28E-07,0.00E+00,0.00E+00,4.28E-07,1.22E-01,0.00E+00,0.00E+00,1.22E-01,7.55E-11,0.00E+00,0.00E+00,7.55E-11
1.54E+10,2.75E+02,0.00E+00,0.00E+00,2.75E+02,4.28E-07,0.00E+00,0.00E+00,4.28E-07,1.22E-01,0.00E+00,0.00E+00,1.22E-01,7.55E-11,0.00E+00,0.00E+00,7.55E-11
1.55E+10,2.76E+02,0.00E+00,0.00E+00,2.76E+02,4.28E-07,0.00E+00,0.00E+00,4.28E-07,1.23E-01,0.00E+00,0.00E+00,1.23E-01,7.55E-11,0.00E+00,0.00E+00,7.55E-11
1.56E+10,2.77E+02,0.00E+00,0.00E+00,2.77E+02,4.28E-07,0.00E+00,0.00E+00,4.28E-07,1.24E-01,0.00E+00,0.00E+00,1.24E-01,7.55E-11,0.00E+00,0.00E+00,7.55E-11
1.57E+10,2.78E+02,0.00E+00,0.00E+00,2.78E+02,4.28E-07,0.00E+00,0.00E+00,4.28E-07,1.25E-01,0.00E+00,0.00E+00,1.25E-01,7.55E-11,0.00E+00,0.00E+00,7.55E-11
1.58E+10,2.79E+02,0.00E+00,0.00E+00,2.79E+02,4.28E-07,0.00E+00,0.00E+00,4.28E-07,1.25E-01,0.00E+00,0.00E+00,1.25E-01,7.55E-11,0.00E+00,0.00E+00,7.55E-11
1.59E+10,2.80E+02,0.00E+00,0.00E+00,2.80E+02,4.28E-07,0.00E+00,0.00E+00,4.28E-07,1.26E-01,0.00E+00,0.00E+00,1.26E-01,7.55E-11,0.00E+00,0.00E+00,7.55E-11
1.60E+10,2.80E+02,0.00E+00,0.00E+00,2.80E+02,4.28E-07,0.00E+00,0.00E+00,4.28E-07,1.27E-01,0.00E+00,0.00E+00,1.27E-01,7.55E-11,0.00E+00,0.00E+00,7.55E-11
1.61E+10,2.81E+02,0.00E+00,0.00E+00,2.81E+02,4.28E-07,0.00E+00,0.00E+00,4.28E-07,1.28E-01,0.00E+00,0.00E+00,1.28E-01,7.55E-11,0.00E+00,0.00E+00,7.55E-11
1.62E+10,2.82E+02,0.00E+00,0.00E+00,2.82E+02,4.28E-07,0.00E+00,0.00E+00,4.28E-07,1.29E-01,0.00E+00,0.00E+00,1.29E-01,7.55E-11,0.00E+00,0.00E+00,7.55E-11
1.63E+10,2.83E+02,0.00E+00,0.00E+00,2.83E+02,4.28E-07,0.00E+00,0.00E+00,4.28E-07,1.29E-01,0.00E+00,0.00E+00,1.29E-01,7.55E-11,0.00E+00,0.00E+00,7.55E-11
1.64E+10,2.84E+02,0.00E+00,0.00E+00,2.84E+02,4.28E-07,0.00E+00,0.00E+00,4.28E-07,1.30E-01,0.00E+00,0.00E+00,1.30E-01,7.55E-11,0.00E+00,0.00E+00,7.55E-11
1.65E+10,2.85E+02,0.00E+00,0.00E+00,2.85E+02,4.28E-07,0.00E+00,0.00E+00,4.28E-07,1.31E-01,0.00E+00,0.00E+00,1.31E-01,7.55E-11,0.00E+00,0.00E+00,7.55E-11
1.66E+10,2.86E+02,0.00E+00,0.00E+00,2.86E+02,4.28E-07,0.00E+00,0.00E+00,4.28E-07,1.32E-01,0.00E+00,0.00E+00,1.32E-01,7.55E-11,0.00E+00,0.00E+00,7.55E-11
1.67E+10,2.87E+02,0.00E+00,0.00E+00,2.87E+02,4.28E-07,0.00E+00,0.00E+00,4.28E-07,1.33E-01,0.00E+00,0.00E+00,1.33E-01,7.55E-11,0.00E+00,0.00E+00,7.55E-11
1.68E+10,2.87E+02,0.00E+00,0.00E+00,2.87E+02,4.28E-07,0.00E+00,0.00E+00,4.28E-07,1.33E-01,0.00E+00,0.00E+00,1.33E-01,7.55E-11,0.00E+00,0.00E+00,7.55E-11
1.69E+10,2.88E+02,0.00E+00,0.00E+00,2.88E+02,4.28E-07,0.00E+00,0.00E+00,4.28E-07,1.34E-01,0.00E+00,0.00E+00,1.34E-01,7.55E-11,0.00E+00,0.00E+00,7.55E-11
1.70E+10,2.89E+02,0.00E+00,0.00E+00,2.89E+02,4.28E-07,0.00E+00,0.00E+00,4.28E-07,1.35E-01,0.00E+00,0.00E+00,1.35E-01,7.55E-11,0.00E+00,0.00E+00,7.55E-11
1.71E+10,2.90E+02,0.00E+00,0.00E+00,2.90E+02,4.28E-07,0.00E+00,0.00E+00,4.28E-07,1.36E-01,0.00E+00,0.00E+00,1.36E-01,7.55E-11,0.00E+00,0.00E+00,7.55E-11
1.72E+10,2.91E+02,0.00E+00,0.00E+00,2.91E+02,4.28E-07,0.00E+00,0.00E+00,4.28E-07,1.37E-01,0.00E+00,0.00E+00,1.37E-01,7.55E-11,0.00E+00,0.00E+00,7.55E-11
1.73E+10,2.92E+02,0.00E+00,0.00E+00,2.92E+02,4.28E-07,0.00E+00,0.00E+00,4.28E-07,1.37E-01,0.00E+00,0.00E+00,1.37E-01,7.55E-11,0.00E+00,0.00E+00,7.55E-11
1.74E+10,2.93E+02,0.00E+00,0.00E+00,2.93E+02,4.28E-07,0.00E+00,0.00E+00,4.28E-07,1.38E-01,0.00E+00,0.00E+00,1.38E-01,7.55E-11,0.00E+00,0.00E+00,7.55E-11
1.75E+10,2.93E+02,0.00E+00,0.00E+00,2.93E+02,4.28E-07,0.00E+00,0.00E+00,4.28E-07,1.39E-01,0.00E+00,0.00E+00,1.39E-01,7.55E-11,0.00E+00,0.00E+00,7.55E-11
1.76E+10,2.94E+02,0.00E+00,0.00E+00,2.94E+02,4.28E-07,0.00E+00,0.00E+00,4.28E-07,1.40E-01,0.00E+00,0.00E+00,1.40E-01,7.55E-11,0.00E+00,0.00E+00,7.55E-11
1.77E+10,2.95E+02,0.00E+00,0.00E+00,2.95E+02,4.28E-07,0.00E+00,0.00E+00,4.28E-07,1.41E-01,0.00E+00,0.00E+00,1.41E-01,7.55E-11,0.00E+00,0.00E+00,7.55E-11
1.78E+10,2.96E+02,0.00E+00,0.00E+00,2.96E+02,4.28E-07,0.00E+00,0.00E+00,4.28E-07,1.41E-01,0.00E+00,0.00E+00,1.41E-01,7.55E-11,0.00E+00,0.00E+00,7.55E-11
1.79E+10,2.97E+02,0.00E+00,0.00E+00,2.97E+02,4.28E-07,0.00E+00,0.00E+00,4.28E-07,1.42E-01,0.00E+00,0.00E+00,1.42E-01,7.55E-11,0.00E+00,0.00E+00,7.55E-11
1.80E+10,2.98E+02,0.00E+00,0.00E+00,2.98E+02,4.28E-07,0.00E+00,0.00E+00,4.28E-07,1.43E-01,0.00E+00,0.00E+00,1.43E-01,7.55E-11,0.00E+00,0.00E+00,7.55E-11
1.81E+10,2.98E+02,0.00E+00,0.00E+00,2.98E+02,4.28E-07,0.00E+00,0.00E+00,4.28E-07,1.44E-01,0.00E+00,0.00E+00,1.44E-01,7.55E-11,0.00E+00,0.00E+00,7.55E-11
1.82E+10,2.99E+02,0.00E+00,0.00E+00,2.99E+02,4.28E-07,0.00E+00,0.00E+00,4.28E-07,1.45E-01,0.00E+00,0.00E+00,1.45E-01,7.55E-11,0.00E+00,0.00E+00,7.55E-11
1.83E+10,3.00E+02,0.00E+00,0.00E+00,3.00E+02,4.28E-07,0.00E+00,0.00E+00,4.28E-07,1.45E-01,0.00E+00,0.00E+00,1.45E-01,7.55E-11,0.00E+00,0.00E+00,7.55E-11
1.84E+10,3.01E+02,0.00E+00,0.00E+00,3.01E+02,4.28E-07,0.00E+00,0.00E+00,4.28E-07,1.46E-01,0.00E+00,0.00E+00,1.46E-01,7.55E-11,0.00E+00,0.00E+00,7.55E-11
1.85E+10,3.02E+02,0.00E+00,0.00E+00,3.02E+02,4.28E-07,0.00E+00,0.00E+00,4.28E-07,1.47E-01,0.00E+00,0.00E+00,1.47E-01,7.55E-11,0.00E+00,0.00E+00,7.55E-11
1.86E+10,3.02E+02,0.00E+00,0.00E+00,3.02E+02,4.28E-07,0.00E+00,0.00E+00,4.28E-07,1.48E-01,0.00E+00,0.00E+00,1.48E-01,7.55E-11,0.00E+00,0.00E+00,7.55E-11
1.87E+10,3.03E+02,0.00E+00,0.00E+00,3.03E+02,4.28E-07,0.00E+00,0.00E+00,4.28E-07,1.49E-01,0.00E+00,0.00E+00,1.49E-01,7.55E-11,0.00E+00,0.00E+00,7.55E-11
1.88E+10,3.04E+02,0.00E+00,0.00E+00,3.04E+02,4.28E-07,0.00E+00,0.00E+00,4.28E-07,1.49E-01,0.00E+00,0.00E+00,1.49E-01,7.55E-11,0.00E+00,0.00E+00,7.55E-11
1.89E+10,3.05E+02,0.00E+00,0.00E+00,3.05E+02,4.28E-07,0.00E+00,0.00E+00,4.28E-07,1.50E-01,0.00E+00,0.00E+00,1.50E-01,7.55E-11,0.00E+00,0.00E+00,7.55E-11
1.90E+10,3.06E+02,0.00E+00,0.00E+00,3.06E+02,4.28E-07,0.00E+00,0.00E+00,4.28E-07,1.51E-01,0.00E+00,0.00E+00,1.51E-01,7.55E-11,0.00E+00,0.00E+00,7.55E-11
1.91E+10,3.06E+02,0.00E+00,0.00E+00,3.06E+02,4.28E-07,0.00E+00,0.00E+00,4.28E-07,1.52E-01,0.00E+00,0.00E+00,1.52E-01,7.55E-11,0.00E+00,0.00E+00,7.55E-11
1.92E+10,3.07E+02,0.00E+00,0.00E+00,3.07E+02,4.28E-07,0.00E+00,0.00E+00,4.28E-07,1.52E-01,0.00E+00,0.00E+00,1.52E-01,7.55E-11,0.00E+00,0.00E+00,7.55E-11
1.93E+10,3.08E+02,0.00E+00,0.00E+00,3.08E+02,4.28E-07,0.00E+00,0.00E+00,4.28E-07,1.53E-01,0.00E+00,0.00E+00,1.53E-01,7.55E-11,0.00E+00,0.00E+00,7.55E-11
1.94E+10,3.09E+02,0.00E+00,0.00E+00,3.09E+02,4.28E-07,0.00E+00,0.00E+00,4.28E-07,1.54E-01,0.00E+00,0.00E+00,1.54E-01,7.55E-11,0.00E+00,0.00E+00,7.55E-11
1.95E+10,3.10E+02,0.00E+00,0.00E+00,3.10E+02,4.28E-07,0.00E+00,0.00E+00,4.28E-07,1.55E-01,0.00E+00,0.00E+00,1.55E-01,7.55E-11,0.00E+00,0.00E+00,7.55E-11
1.96E+10,3.10E+02,0.00E+00,0.00E+00,3.10E+02,4.28E-07,0.00E+00,0.00E+00,4.28E-07,1.56E-01,0.00E+00,0.00E+00,1.56E-01,7.55E-11,0.00E+00,0.00E+00,7.55E-11
1.97E+10,3.11E+02,0.00E+00,0.00E+00,3.11E+02,4.28E-07,0.00E+00,0.00E+00,4.28E-07,1.56E-01,0.00E+00,0.00E+00,1.56E-01,7.55E-11,0.00E+00,0.00E+00,7.55E-11
1.98E+10,3.12E+02,0.00E+00,0.00E+00,3.12E+02,4.28E-07,0.00E+00,0.00E+00,4.28E-07,1.57E-01,0.00E+00,0.00E+00,1.57E-01,7.55E-11,0.00E+00,0.00E+00,7.55E-11
1.99E+10,3.13E+02,0.00E+00,0.00E+00,3.13E+02,4.28E-07,0.00E+00,0.00E+00,4.28E-07,1.58E-01,0.00E+00,0.00E+00,1.58E-01,7.55E-11,0.00E+00,0.00E+00,7.55E-11
2.00E+10,3.14E+02,0.00E+00,0.00E+00,3.14E+02,4.28E-07,0.00E+00,0.00E+00,4.28E-07,1.59E-01,0.00E+00,0.00E+00,1.59E-01,7.55E-11,0.00E+00,0.00E+00,7.55E-11
2.01E+10,3.14E+02,0.00E+00,0.00E+00,3.14E+02,4.28E-07,0.00E+00,0.00E+00,4.28E-07,1.60E-01,0.00E+00,0.00E+00,1.60E-01,7.55E-11,0.00E+00,0.00E+00,7.55E-11
2.02E+10,3.15E+02,0.00E+00,0.00E+00,3.15E+02,4.28E-07,0.00E+00,0.00E+00,4.28E-07,1.60E-01,0.00E+00,0.00E+00,1.60E-01,7.55E-11,0.00E+00,0.00E+00,7.55E-11
2.03E+10,3.16E+02,0.00E+00,0.00E+00,3.16E+02,4.28E-07,0.00E+00,0.00E+00,4.28E-07,1.61E-01,0.00E+00,0.00E+00,1.61E-01,7.55E-11,0.00E+00,0.00E+00,7.55E-11
2.04E+10,3.17E+02,0.00E+00,0.00E+00,3.17E+02,4.28E-07,0.00E+00,0.00E+00,4.28E-07,1.62E-01,0.00E+00,0.00E+00,1.62E-01,7.55E-11,0.00E+00,0.00E+00,7.55E-11
2.05E+10,3.18E+02,0.00E+00,0.00E+00,3.18E+02,4.28E-07,0.00E+00,0.00E+00,4.28E-07,1.63E-01,0.00E+00,0.00E+00,1.63E-01,7.55E-11,0.00E+00,0.00E+00,7.55E-11
2.06E+10,3.18E+02,0.00E+00,0.00E+00,3.18E+02,4.28E-07,0.00E+00,0.00E+00,4.28E-07,1.64E-01,0.00E+00,0.00E+00,1.64E-01,7.55E-11,0.00E+00,0.00E+00,7.55E-11
2.07E+10,3.19E+02,0.00E+00,0.00E+00,3.19E+02,4.28E-07,0.00E+00,0.00E+00,4.28E-07,1.64E-01,0.00E+00,0.00E+00,1.64E-01,7.55E-11,0.00E+00,0.00E+00,7.55E-11
2.08E+10,3.20E+02,0.00E+00,0.00E+00,3.20E+02,4.28E-07,0.00E+00,0.00E+00,4.28E-07,1.65E-01,0.00E+00,0.00E+00,1.65E-01,7.55E-11,0.00E+00,0.00E+00,7.55E-11
2.09E+10,3.21E+02,0.00E+00,0.00E+00,3.21E+02,4.28E-07,0.00E+00,0.00E+00,4.28E-07,1.66E-01,0.00E+00,0.00E+00,1.66E-01,7.55E-11,0.00E+00,0.00E+00,7.55E-11
2.10E+10,3.21E+02,0.00E+00,0.00E+00,3.21E+02,4.28E-07,0.00E+00,0.00E+00,4.28E-07,1.67E-01,0.00E+00,0.00E+00,1.67E-01,7.55E-11,0.00E+00,0.00E+00,7.55E-11
2.11E+10,3.22E+02,0.00E+00,0.00E+00,3.22E+02,4.28E-07,0.00E+00,0.00E+00,4.28E-07,1.68E-01,0.00E+00,0.00E+00,1.68E-01,7.55E-11,0.00E+00,0.00E+00,7.55E-11
2.12E+10,3.23E+02,0.00E+00,0.00E+00,3.23E+02,4.28E-07,0.00E+00,0.00E+00,4.28E-07,1.68E-01,0.00E+00,0.00E+00,1.68E-01,7.55E-11,0.00E+00,0.00E+00,7.55E-11
2.13E+10,3.24E+02,0.00E+00,0.00E+00,3.24E+02,4.28E-07,0.00E+00,0.00E+00,4.28E-07,1.69E-01,0.00E+00,0.00E+00,1.69E-01,7.55E-11,0.00E+00,0.00E+00,7.55E-11
2.14E+10,3.24E+02,0.00E+00,0.00E+00,3.24E+02,4.28E-07,0.00E+00,0.00E+00,4.28E-07,1.70E-01,0.00E+00,0.00E+00,1.70E-01,7.55E-11,0.00E+00,0.00E+00,7.55E-11
2.15E+10,3.25E+02,0.00E+00,0.00E+00,3.25E+02,4.28E-07,0.00E+00,0.00E+00,4.28E-07,1.71E-01,0.00E+00,0.00E+00,1.71E-01,7.55E-11,0.00E+00,0.00E+00,7.55E-11
2.16E+10,3.26E+02,0.00E+00,0.00E+00,3.26E+02,4.28E-07,0.00E+00,0.00E+00,4.28E-07,1.72E-01,0.00E+00,0.00E+00,1.72E-01,7.55E-11,0.00E+00,0.00E+00,7.55E-11
2.17E+10,3.27E+02,0.00E+00,0.00E+00,3.27E+02,4.28E-07,0.00E+00,0.00E+00,4.28E-07,1.72E-01,0.00E+00,0.00E+00,1.72E-01,7.55E-11,0.00E+00,0.00E+00,7.55E-11
2.18E+10,3.27E+02,0.00E+00,0.00E+00,3.27E+02,4.28E-07,0.00E+00,0.00E+00,4.28E-07,1.73E-01,0.00E+00,0.00E+00,1.73E-01,7.55E-11,0.00E+00,0.00E+00,7.55E-11
2.19E+10,3.28E+02,0.00E+00,0.00E+00,3.28E+02,4.28E-07,0.00E+00,0.00E+00,4.28E-07,1.74E-01,0.00E+00,0.00E+00,1.74E-01,7.55E-11,0.00E+00,0.00E+00,7.55E-11
2.20E+10,3.29E+02,0.00E+00,0.00E+00,3.29E+02,4.28E-07,0.00E+00,0.00E+00,4.28E-07,1.75E-01,0.00E+00,0.00E+00,1.75E-01,7.55E-11,0.00E+00,0.00E+00,7.55E-11
2.21E+10,3.30E+02,0.00E+00,0.00E+00,3.30E+02,4.28E-07,0.00E+00,0.00E+00,4.28E-07,1.76E-01,0.00E+00,0.00E+00,1.76E-01,7.55E-11,0.00E+00,0.00E+00,7.55E-11
2.22E+10,3.30E+02,0.00E+00,0.00E+00,3.30E+02,4.28E-07,0.00E+00,0.00E+00,4.28E-07,1.76E-01,0.00E+00,0.00E+00,1.76E-01,7.55E-11,0.00E+00,0.00E+00,7.55E-11
2.23E+10,3.31E+02,0.00E+00,0.00E+00,3.31E+02,4.28E-07,0.00E+00,0.00E+00,4.28E-07,1.77E-01,0.00E+00,0.00E+00,1.77E-01,7.55E-11,0.00E+00,0.00E+00,7.55E-11
2.24E+10,3.32E+02,0.00E+00,0.00E+00,3.32E+02,4.28E-07,0.00E+00,0.00E+00,4.28E-07,1.78E-01,0.00E+00,0.00E+00,1.78E-01,7.55E-11,0.00E+00,0.00E+00,7.55E-11
2.25E+10,3.33E+02,0.00E+00,0.00E+00,3.33E+02,4.28E-07,0.00E+00,0.00E+00,4.28E-07,1.79E-01,0.00E+00,0.00E+00,1.79E-01,7.55E-11,0.00E+00,0.00E+00,7.55E-11
2.26E+10,3.33E+02,0.00E+00,0.00E+00,3.33E+02,4.28E-07,0.00E+00,0.00E+00,4.28E-07,1.79E-01,0.00E+00,0.00E+00,1.79E-01,7.55E-11,0.00E+00,0.00E+00,7.55E-11
2.27E+10,3.34E+02,0.00E+00,0.00E+00,3.34E+02,4.28E-07,0.00E+00,0.00E+00,4.28E-07,1.80E-01,0.00E+00,0.00E+00,1.80E-01,7.55E-11,0.00E+00,0.00E+00,7.55E-11
2.28E+10,3.35E+02,0.00E+00,0.00E+00,3.35E+02,4.28E-07,0.00E+00,0.00E+00,4.28E-07,1.81E-01,0.00E+00,0.00E+00,1.81E-01,7.55E-11,0.00E+00,0.00E+00,7.55E-11
2.29E+10,3.36E+02,0.00E+00,0.00E+00,3.36E+02,4.28E-07,0.00E+00,0.00E+00,4.28E-07,1.82E-01,0.00E+00,0.00E+00,1.82E-01,7.55E-11,0.00E+00,0.00E+00,7.55E-11
2.30E+10,3.36E+02,0.00E+00,0.00E+00,3.36E+02,4.28E-07,0.00E+00,0.00E+00,4.28E-07,1.83E-01,0.00E+00,0.00E+00,1.83E-01,7.55E-11,0.00E+00,0.00E+00,7.55E-11
2.31E+10,3.37E+02,0.00E+00,0.00E+00,3.37E+02,4.28E-07,0.00E+00,0.00E+00,4.28E-07,1.83E-01,0.00E+00,0.00E+00,1.83E-01,7.55E-11,0.00E+00,0.00E+00,7.55E-11
2.32E+10,3.38E+02,0.00E+00,0.00E+00,3.38E+02,4.28E-07,0.00E+00,0.00E+00,4.28E-07,1.84E-01,0.00E+00,0.00E+00,1.84E-01,7.55E-11,0.00E+00,0.00E+00,7.55E-11
2.33E+10,3.39E+02,0.00E+00,0.00E+00,3.39E+02,4.28E-07,0.00E+00,0.00E+00,4.28E-07,1.85E-01,0.00E+00,0.00E+00,1.85E-01,7.55E-11,0.00E+00,0.00E+00,7.55E-11
2.34E+10,3.39E+02,0.00E+00,0.00E+00,3.39E+02,4.28E-07,0.00E+00,0.00E+00,4.28E-07,1.86E-01,0.00E+00,0.00E+00,1.86E-01,7.55E-11,0.00E+00,0.00E+00,7.55E-11
2.35E+10,3.40E+02,0.00E+00,0.00E+00,3.40E+02,4.28E-07,0.00E+00,0.00E+00,4.28E-07,1.87E-01,0.00E+00,0.00E+00,1.87E-01,7.55E-11,0.00E+00,0.00E+00,7.55E-11
2.36E+10,3.41E+02,0.00E+00,0.00E+00,3.41E+02,4.28E-07,0.00E+00,0.00E+00,4.28E-07,1.87E-01,0.00E+00,0.00E+00,1.87E-01,7.55E-11,0.00E+00,0.00E+00,7.55E-11
2.37E+10,3.41E+02,0.00E+00,0.00E+00,3.41E+02,4.28E-07,0.00E+00,0.00E+00,4.28E-07,1.88E-01,0.00E+00,0.00E+00,1.88E-01,7.55E-11,0.00E+00,0.00E+00,7.55E-11
2.38E+10,3.42E+02,0.00E+00,0.00E+00,3.42E+02,4.28E-07,0.00E+00,0.00E+00,4.28E-07,1.89E-01,0.00E+00,0.00E+00,1.89E-01,7.55E-11,0.00E+00,0.00E+00,7.55E-11
2.39E+10,3.43E+02,0.00E+00,0.00E+00,3.43E+02,4.28E-07,0.00E+00,0.00E+00,4.28E-07,1.90E-01,0.00E+00,0.00E+00,1.90E-01,7.55E-11,0.00E+00,0.00E+00,7.55E-11
2.40E+10,3.44E+02,0.00E+00,0.00E+00,3.44E+02,4.28E-07,0.00E+00,0.00E+00,4.28E-07,1.91E-01,0.00E+00,0.00E+00,1.91E-01,7.55E-11,0.00E+00,0.00E+00,7.55E-11
2.41E+10,3.44E+02,0.00E+00,0.00E+00,3.44E+02,4.28E-07,0.00E+00,0.00E+00,4.28E-07,1.91E-01,0.00E+00,0.00E+00,1.91E-01,7.55E-11,0.00E+00,0.00E+00,7.55E-11
2.42E+10,3.45E+02,0.00E+00,0.00E+00,3.45E+02,4.28E-07,0.00E+00,0.00E+00,4.28E-07,1.92E-01,0.00E+00,0.00E+00,1.92E-01,7.55E-11,0.00E+00,0.00E+00,7.55E-11
2.43E+10,3.46E+02,0.00E+00,0.00E+00,3.46E+02,4.28E-07,0.00E+00,0.00E+00,4.28E-07,1.93E-01,0.00E+00,0.00E+00,1.93E-01,7.55E-11,0.00E+00,0.00E+00,7.55E-11
2.44E+10,3.46E+02,0.00E+00,0.00E+00,3.46E+02,4.28E-07,0.00E+00,0.00E+00,4.28E-07,1.94E-01,0.00E+00,0.00E+00,1.94E-01,7.55E-11,0.00E+00,0.00E+00,7.55E-11
2.45E+10,3.47E+02,0.00E+00,0.00E+00,3.47E+02,4.28E-07,0.00E+00,0.00E+00,4.28E-07,1.95E-01,0.00E+00,0.00E+00,1.95E-01,7.55E-11,0.00E+00,0.00E+00,7.55E-11
2.46E+10,3.48E+02,0.00E+00,0.00E+00,3.48E+02,4.28E-07,0.00E+00,0.00E+00,4.28E-07,1.95E-01,0.00E+00,0.00E+00,1.95E-01,7.55E-11,0.00E+00,0.00E+00,7.55E-11
2.47E+10,3.49E+02,0.00E+00,0.00E+00,3.49E+02,4.28E-07,0.00E+00,0.00E+00,4.28E-07,1.96E-01,0.00E+00,0.00E+00,1.96E-01,7.55E-11,0.00E+00,0.00E+00,7.55E-11
2.48E+10,3.49E+02,0.00E+00,0.00E+00,3.49E+02,4.28E-07,0.00E+00,0.00E+00,4.28E-07,1.97E-01,0.00E+00,0.00E+00,1.97E-01,7.55E-11,0.00E+00,0.00E+00,7.55E-11
2.49E+10,3.50E+02,0.00E+00,0.00E+00,3.50E+02,4.28E-07,0.00E+00,0.00E+00,4.28E-07,1.98E-01,0.00E+00,0.00E+00,1.98E-01,7.55E-11,0.00E+00,0.00E+00,7.55E-11
2.50E+10,3.51E+02,0.00E+00,0.00E+00,3.51E+02,4.28E-07,0.00E+00,0.00E+00,4.28E-07,1.99E-01,0.00E+00,0.00E+00,1.99E-01,7.55E-11,0.00E+00,0.00E+00,7.55E-11
2.51E+10,3.51E+02,0.00E+00,0.00E+00,3.51E+02,4.28E-07,0.00E+00,0.00E+00,4.28E-07,1.99E-01,0.00E+00,0.00E+00,1.99E-01,7.55E-11,0.00E+00,0.00E+00,7.55E-11
2.52E+10,3.52E+02,0.00E+00,0.00E+00,3.52E+02,4.28E-07,0.00E+00,0.00E+00,4.28E-07,2.00E-01,0.00E+00,0.00E+00,2.00E-01,7.55E-11,0.00E+00,0.00E+00,7.55E-11
2.53E+10,3.53E+02,0.00E+00,0.00E+00,3.53E+02,4.28E-07,0.00E+00,0.00E+00,4.28E-07,2.01E-01,0.00E+00,0.00E+00,2.01E-01,7.55E-11,0.00E+00,0.00E+00,7.55E-11
2.54E+10,3.54E+02,0.00E+00,0.00E+00,3.54E+02,4.28E-07,0.00E+00,0.00E+00,4.28E-07,2.02E-01,0.00E+00,0.00E+00,2.02E-01,7.55E-11,0.00E+00,0.00E+00,7.55E-11
2.55E+10,3.54E+02,0.00E+00,0.00E+00,3.54E+02,4.28E-07,0.00E+00,0.00E+00,4.28E-07,2.03E-01,0.00E+00,0.00E+00,2.03E-01,7.55E-11,0.00E+00,0.00E+00,7.55E-11
2.56E+10,3.55E+02,0.00E+00,0.00E+00,3.55E+02,4.28E-07,0.00E+00,0.00E+00,4.28E-07,2.03E-01,0.00E+00,0.00E+00,2.03E-01,7.55E-11,0.00E+00,0.00E+00,7.55E-11
2.57E+10,3.56E+02,0.00E+00,0.00E+00,3.56E+02,4.28E-07,0.00E+00,0.00E+00,4.28E-07,2.04E-01,0.00E+00,0.00E+00,2.04E-01,7.55E-11,0.00E+00,0.00E+00,7.55E-11
2.58E+10,3.56E+02,0.00E+00,0.00E+00,3.56E+02,4.28E-07,0.00E+00,0.00E+00,4.28E-07,2.05E-01,0.00E+00,0.00E+00,2.05E-01,7.55E-11,0.00E+00,0.00E+00,7.55E-11
2.59E+10,3.57E+02,0.00E+00,0.00E+00,3.57E+02,4.28E-07,0.00E+00,0.00E+00,4.28E-07,2.06E-01,0.00E+00,0.00E+00,2.06E-01,7.55E-11,0.00E+00,0.00E+00,7.55E-11
2.60E+10,3.58E+02,0.00E+00,0.00E+00,3.58E+02,4.28E-07,0.00E+00,0.00E+00,4.28E-07,2.06E-01,0.00E+00,0.00E+00,2.06E-01,7.55E-11,0.00E+00,0.00E+00,7.55E-11
2.61E+10,3.58E+02,0.00E+00,0.00E+00,3.58E+02,4.28E-07,0.00E+00,0.00E+00,4.28E-07,2.07E-01,0.00E+00,0.00E+00,2.07E-01,7.55E-11,0.00E+00,0.00E+00,7.55E-11
2.62E+10,3.59E+02,0.00E+00,0.00E+00,3.59E+02,4.28E-07,0.00E+00,0.00E+00,4.28E-07,2.08E-01,0.00E+00,0.00E+00,2.08E-01,7.55E-11,0.00E+00,0.00E+00,7.55E-11
2.63E+10,3.60E+02,0.00E+00,0.00E+00,3.60E+02,4.28E-07,0.00E+00,0.00E+00,4.28E-07,2.09E-01,0.00E+00,0.00E+00,2.09E-01,7.55E-11,0.00E+00,0.00E+00,7.55E-11
2.64E+10,3.60E+02,0.00E+00,0.00E+00,3.60E+02,4.28E-07,0.00E+00,0.00E+00,4.28E-07,2.10E-01,0.00E+00,0.00E+00,2.10E-01,7.55E-11,0.00E+00,0.00E+00,7.55E-11
2.65E+10,3.61E+02,0.00E+00,0.00E+00,3.61E+02,4.28E-07,0.00E+00,0.00E+00,4.28E-07,2.10E-01,0.00E+00,0.00E+00,2.10E-01,7.55E-11,0.00E+00,0.00E+00,7.55E-11
2.66E+10,3.62E+02,0.00E+00,0.00E+00,3.62E+02,4.28E-07,0.00E+00,0.00E+00,4.28E-07,2.11E-01,0.00E+00,0.00E+00,2.11E-01,7.55E-11,0.00E+00,0.00E+00,7.55E-11
2.67E+10,3.62E+02,0.00E+00,0.00E+00,3.62E+02,4.28E-07,0.00E+00,0.00E+00,4.28E-07,2.12E-01,0.00E+00,0.00E+00,2.12E-01,7.55E-11,0.00E+00,0.00E+00,7.55E-11
2.68E+10,3.63E+02,0.00E+00,0.00E+00,3.63E+02,4.28E-07,0.00E+00,0.00E+00,4.28E-07,2.13E-01,0.00E+00,0.00E+00,2.13E-01,7.55E-11,0.00E+00,0.00E+00,7.55E-11
2.69E+10,3.64E+02,0.00E+00,0.00E+00,3.64E+02,4.28E-07,0.00E+00,0.00E+00,4.28E-07,2.14E-01,0.00E+00,0.00E+00,2.14E-01,7.55E-11,0.00E+00,0.00E+00,7.55E-11
2.70E+10,3.65E+02,0.00E+00,0.00E+00,3.65E+02,4.28E-07,0.00E+00,0.00E+00,4.28E-07,2.14E-01,0.00E+00,0.00E+00,2.14E-01,7.55E-11,0.00E+00,0.00E+00,7.55E-11
2.71E+10,3.65E+02,0.00E+00,0.00E+00,3.65E+02,4.28E-07,0.00E+00,0.00E+00,4.28E-07,2.15E-01,0.00E+00,0.00E+00,2.15E-01,7.55E-11,0.00E+00,0.00E+00,7.55E-11
2.72E+10,3.66E+02,0.00E+00,0.00E+00,3.66E+02,4.28E-07,0.00E+00,0.00E+00,4.28E-07,2.16E-01,0.00E+00,0.00E+00,2.16E-01,7.55E-11,0.00E+00,0.00E+00,7.55E-11
2.73E+10,3.67E+02,0.00E+00,0.00E+00,3.67E+02,4.28E-07,0.00E+00,0.00E+00,4.28E-07,2.17E-01,0.00E+00,0.00E+00,2.17E-01,7.55E-11,0.00E+00,0.00E+00,7.55E-11
2.74E+10,3.67E+02,0.00E+00,0.00E+00,3.67E+02,4.28E-07,0.00E+00,0.00E+00,4.28E-07,2.18E-01,0.00E+00,0.00E+00,2.18E-01,7.55E-11,0.00E+00,0.00E+00,7.55E-11
2.75E+10,3.68E+02,0.00E+00,0.00E+00,3.68E+02,4.28E-07,0.00E+00,0.00E+00,4.28E-07,2.18E-01,0.00E+00,0.00E+00,2.18E-01,7.55E-11,0.00E+00,0.00E+00,7.55E-11
2.76E+10,3.69E+02,0.00E+00,0.00E+00,3.69E+02,4.28E-07,0.00E+00,0.00E+00,4.28E-07,2.19E-01,0.00E+00,0.00E+00,2.19E-01,7.55E-11,0.00E+00,0.00E+00,7.55E-11
2.77E+10,3.69E+02,0.00E+00,0.00E+00,3.69E+02,4.28E-07,0.00E+00,0.00E+00,4.28E-07,2.20E-01,0.00E+00,0.00E+00,2.20E-01,7.55E-11,0.00E+00,0.00E+00,7.55E-11
2.78E+10,3.70E+02,0.00E+00,0.00E+00,3.70E+02,4.28E-07,0.00E+00,0.00E+00,4.28E-07,2.21E-01,0.00E+00,0.00E+00,2.21E-01,7.55E-11,0.00E+00,0.00E+00,7.55E-11
2.79E+10,3.71E+02,0.00E+00,0.00E+00,3.71E+02,4.28E-07,0.00E+00,0.00E+00,4.28E-07,2.22E-01,0.00E+00,0.00E+00,2.22E-01,7.55E-11,0.00E+00,0.00E+00,7.55E-11
2.80E+10,3.71E+02,0.00E+00,0.00E+00,3.71E+02,4.28E-07,0.00E+00,0.00E+00,4.28E-07,2.22E-01,0.00E+00,0.00E+00,2.22E-01,7.55E-11,0.00E+00,0.00E+00,7.55E-11
2.81E+10,3.72E+02,0.00E+00,0.00E+00,3.72E+02,4.28E-07,0.00E+00,0.00E+00,4.28E-07,2.23E-01,0.00E+00,0.00E+00,2.23E-01,7.55E-11,0.00E+00,0.00E+00,7.55E-11
2.82E+10,3.73E+02,0.00E+00,0.00E+00,3.73E+02,4.28E-07,0.00E+00,0.00E+00,4.28E-07,2.24E-01,0.00E+00,0.00E+00,2.24E-01,7.55E-11,0.00E+00,0.00E+00,7.55E-11
2.83E+10,3.73E+02,0.00E+00,0.00E+00,3.73E+02,4.28E-07,0.00E+00,0.00E+00,4.28E-07,2.25E-01,0.00E+00,0.00E+00,2.25E-01,7.55E-11,0.00E+00,0.00E+00,7.55E-11
2.84E+10,3.74E+02,0.00E+00,0.00E+00,3.74E+02,4.28E-07,0.00E+00,0.00E+00,4.28E-07,2.26E-01,0.00E+00,0.00E+00,2.26E-01,7.55E-11,0.00E+00,0.00E+00,7.55E-11
2.85E+10,3.75E+02,0.00E+00,0.00E+00,3.75E+02,4.28E-07,0.00E+00,0.00E+00,4.28E-07,2.26E-01,0.00E+00,0.00E+00,2.26E-01,7.55E-11,0.00E+00,0.00E+00,7.55E-11
2.86E+10,3.75E+02,0.00E+00,0.00E+00,3.75E+02,4.28E-07,0.00E+00,0.00E+00,4.28E-07,2.27E-01,0.00E+00,0.00E+00,2.27E-01,7.55E-11,0.00E+00,0.00E+00,7.55E-11
2.87E+10,3.76E+02,0.00E+00,0.00E+00,3.76E+02,4.28E-07,0.00E+00,0.00E+00,4.28E-07,2.28E-01,0.00E+00,0.00E+00,2.28E-01,7.55E-11,0.00E+00,0.00E+00,7.55E-11
2.88E+10,3.76E+02,0.00E+00,0.00E+00,3.76E+02,4.28E-07,0.00E+00,0.00E+00,4.28E-07,2.29E-01,0.00E+00,0.00E+00,2.29E-01,7.55E-11,0.00E+00,0.00E+00,7.55E-11
2.89E+10,3.77E+02,0.00E+00,0.00E+00,3.77E+02,4.28E-07,0.00E+00,0.00E+00,4.28E-07,2.30E-01,0.00E+00,0.00E+00,2.30E-01,7.55E-11,0.00E+00,0.00E+00,7.55E-11
2.90E+10,3.78E+02,0.00E+00,0.00E+00,3.78E+02,4.28E-07,0.00E+00,0.00E+00,4.28E-07,2.30E-01,0.00E+00,0.00E+00,2.30E-01,7.55E-11,0.00E+00,0.00E+00,7.55E-11
2.91E+10,3.78E+02,0.00E+00,0.00E+00,3.78E+02,4.28E-07,0.00E+00,0.00E+00,4.28E-07,2.31E-01,0.00E+00,0.00E+00,2.31E-01,7.55E-11,0.00E+00,0.00E+00,7.55E-11
2.92E+10,3.79E+02,0.00E+00,0.00E+00,3.79E+02,4.28E-07,0.00E+00,0.00E+00,4.28E-07,2.32E-01,0.00E+00,0.00E+00,2.32E-01,7.55E-11,0.00E+00,0.00E+00,7.55E-11
2.93E+10,3.80E+02,0.00E+00,0.00E+00,3.80E+02,4.28E-07,0.00E+00,0.00E+00,4.28E-07,2.33E-01,0.00E+00,0.00E+00,2.33E-01,7.55E-11,0.00E+00,0.00E+00,7.55E-11
2.94E+10,3.80E+02,0.00E+00,0.00E+00,3.80E+02,4.28E-07,0.00E+00,0.00E+00,4.28E-07,2.33E-01,0.00E+00,0.00E+00,2.33E-01,7.55E-11,0.00E+00,0.00E+00,7.55E-11
2.95E+10,3.81E+02,0.00E+00,0.00E+00,3.81E+02,4.28E-07,0.00E+00,0.00E+00,4.28E-07,2.34E-01,0.00E+00,0.00E+00,2.34E-01,7.55E-11,0.00E+00,0.00E+00,7.55E-11
2.96E+10,3.82E+02,0.00E+00,0.00E+00,3.82E+02,4.28E-07,0.00E+00,0.00E+00,4.28E-07,2.35E-01,0.00E+00,0.00E+00,2.35E-01,7.55E-11,0.00E+00,0.00E+00,7.55E-11
2.97E+10,3.82E+02,0.00E+00,0.00E+00,3.82E+02,4.28E-07,0.00E+00,0.00E+00,4.28E-07,2.36E-01,0.00E+00,0.00E+00,2.36E-01,7.55E-11,0.00E+00,0.00E+00,7.55E-11
2.98E+10,3.83E+02,0.00E+00,0.00E+00,3.83E+02,4.28E-07,0.00E+00,0.00E+00,4.28E-07,2.37E-01,0.00E+00,0.00E+00,2.37E-01,7.55E-11,0.00E+00,0.00E+00,7.55E-11
2.99E+10,3.84E+02,0.00E+00,0.00E+00,3.84E+02,4.28E-07,0.00E+00,0.00E+00,4.28E-07,2.37E-01,0.00E+00,0.00E+00,2.37E-01,7.55E-11,0.00E+00,0.00E+00,7.55E-11
3.00E+10,3.84E+02,0.00E+00,0.00E+00,3.84E+02,4.28E-07,0.00E+00,0.00E+00,4.28E-07,2.38E-01,0.00E+00,0.00E+00,2.38E-01,7.55E-11,0.00E+00,0.00E+00,7.55E-11
3.01E+10,3.85E+02,0.00E+00,0.00E+00,3.85E+02,4.28E-07,0.00E+00,0.00E+00,4.28E-07,2.39E-01,0.00E+00,0.00E+00,2.39E-01,7.55E-11,0.00E+00,0.00E+00,7.55E-11
3.02E+10,3.86E+02,0.00E+00,0.00E+00,3.86E+02,4.28E-07,0.00E+00,0.00E+00,4.28E-07,2.40E-01,0.00E+00,0.00E+00,2.40E-01,7.55E-11,0.00E+00,0.00E+00,7.55E-11
3.03E+10,3.86E+02,0.00E+00,0.00E+00,3.86E+02,4.28E-07,0.00E+00,0.00E+00,4.28E-07,2.41E-01,0.00E+00,0.00E+00,2.41E-01,7.55E-11,0.00E+00,0.00E+00,7.55E-11
3.04E+10,3.87E+02,0.00E+00,0.00E+00,3.87E+02,4.28E-07,0.00E+00,0.00E+00,4.28E-07,2.41E-01,0.00E+00,0.00E+00,2.41E-01,7.55E-11,0.00E+00,0.00E+00,7.55E-11
3.05E+10,3.87E+02,0.00E+00,0.00E+00,3.87E+02,4.28E-07,0.00E+00,0.00E+00,4.28E-07,2.42E-01,0.00E+00,0.00E+00,2.42E-01,7.55E-11,0.00E+00,0.00E+00,7.55E-11
3.06E+10,3.88E+02,0.00E+00,0.00E+00,3.88E+02,4.28E-07,0.00E+00,0.00E+00,4.28E-07,2.43E-01,0.00E+00,0.00E+00,2.43E-01,7.55E-11,0.00E+00,0.00E+00,7.55E-11
3.07E+10,3.89E+02,0.00E+00,0.00E+00,3.89E+02,4.28E-07,0.00E+00,0.00E+00,4.28E-07,2.44E-01,0.00E+00,0.00E+00,2.44E-01,7.55E-11,0.00E+00,0.00E+00,7.55E-11
3.08E+10,3.89E+02,0.00E+00,0.00E+00,3.89E+02,4.28E-07,0.00E+00,0.00E+00,4.28E-07,2.45E-01,0.00E+00,0.00E+00,2.45E-01,7.55E-11,0.00E+00,0.00E+00,7.55E-11
3.09E+10,3.90E+02,0.00E+00,0.00E+00,3.90E+02,4.28E-07,0.00E+00,0.00E+00,4.28E-07,2.45E-01,0.00E+00,0.00E+00,2.45E-01,7.55E-11,0.00E+00,0.00E+00,7.55E-11
3.10E+10,3.91E+02,0.00E+00,0.00E+00,3.91E+02,4.28E-07,0.00E+00,0.00E+00,4.28E-07,2.46E-01,0.00E+00,0.00E+00,2.46E-01,7.55E-11,0.00E+00,0.00E+00,7.55E-11
3.11E+10,3.91E+02,0.00E+00,0.00E+00,3.91E+02,4.28E-07,0.00E+00,0.00E+00,4.28E-07,2.47E-01,0.00E+00,0.00E+00,2.47E-01,7.55E-11,0.00E+00,0.00E+00,7.55E-11
3.12E+10,3.92E+02,0.00E+00,0.00E+00,3.92E+02,4.28E-07,0.00E+00,0.00E+00,4.28E-07,2.48E-01,0.00E+00,0.00E+00,2.48E-01,7.55E-11,0.00E+00,0.00E+00,7.55E-11
3.13E+10,3.92E+02,0.00E+00,0.00E+00,3.92E+02,4.28E-07,0.00E+00,0.00E+00,4.28E-07,2.49E-01,0.00E+00,0.00E+00,2.49E-01,7.55E-11,0.00E+00,0.00E+00,7.55E-11
3.14E+10,3.93E+02,0.00E+00,0.00E+00,3.93E+02,4.28E-07,0.00E+00,0.00E+00,4.28E-07,2.49E-01,0.00E+00,0.00E+00,2.49E-01,7.55E-11,0.00E+00,0.00E+00,7.55E-11
3.15E+10,3.94E+02,0.00E+00,0.00E+00,3.94E+02,4.28E-07,0.00E+00,0.00E+00,4.28E-07,2.50E-01,0.00E+00,0.00E+00,2.50E-01,7.55E-11,0.00E+00,0.00E+00,7.55E-11
3.16E+10,3.94E+02,0.00E+00,0.00E+00,3.94E+02,4.28E-07,0.00E+00,0.00E+00,4.28E-07,2.51E-01,0.00E+00,0.00E+00,2.51E-01,7.55E-11,0.00E+00,0.00E+00,7.55E-11
3.17E+10,3.95E+02,0.00E+00,0.00E+00,3.95E+02,4.28E-07,0.00E+00,0.00E+00,4.28E-07,2.52E-01,0.00E+00,0.00E+00,2.52E-01,7.55E-11,0.00E+00,0.00E+00,7.55E-11
3.18E+10,3.96E+02,0.00E+00,0.00E+00,3.96E+02,4.28E-07,0.00E+00,0.00E+00,4.28E-07,2.53E-01,0.00E+00,0.00E+00,2.53E-01,7.55E-11,0.00E+00,0.00E+00,7.55E-11
3.19E+10,3.96E+02,0.00E+00,0.00E+00,3.96E+02,4.28E-07,0.00E+00,0.00E+00,4.28E-07,2.53E-01,0.00E+00,0.00E+00,2.53E-01,7.55E-11,0.00E+00,0.00E+00,7.55E-11
3.20E+10,3.97E+02,0.00E+00,0.00E+00,3.97E+02,4.28E-07,0.00E+00,0.00E+00,4.28E-07,2.54E-01,0.00E+00,0.00E+00,2.54E-01,7.55E-11,0.00E+00,0.00E+00,7.55E-11
3.21E+10,3.97E+02,0.00E+00,0.00E+00,3.97E+02,4.28E-07,0.00E+00,0.00E+00,4.28E-07,2.55E-01,0.00E+00,0.00E+00,2.55E-01,7.55E-11,0.00E+00,0.00E+00,7.55E-11
3.22E+10,3.98E+02,0.00E+00,0.00E+00,3.98E+02,4.28E-07,0.00E+00,0.00E+00,4.28E-07,2.56E-01,0.00E+00,0.00E+00,2.56E-01,7.55E-11,0.00E+00,0.00E+00,7.55E-11
3.23E+10,3.99E+02,0.00E+00,0.00E+00,3.99E+02,4.28E-07,0.00E+00,0.00E+00,4.28E-07,2.57E-01,0.00E+00,0.00E+00,2.57E-01,7.55E-11,0.00E+00,0.00E+00,7.55E-11
3.24E+10,3.99E+02,0.00E+00,0.00E+00,3.99E+02,4.28E-07,0.00E+00,0.00E+00,4.28E-07,2.57E-01,0.00E+00,0.00E+00,2.57E-01,7.55E-11,0.00E+00,0.00E+00,7.55E-11
3.25E+10,4.00E+02,0.00E+00,0.00E+00,4.00E+02,4.28E-07,0.00E+00,0.00E+00,4.28E-07,2.58E-01,0.00E+00,0.00E+00,2.58E-01,7.55E-11,0.00E+00,0.00E+00,7.55E-11
3.26E+10,4.01E+02,0.00E+00,0.00E+00,4.01E+02,4.28E-07,0.00E+00,0.00E+00,4.28E-07,2.59E-01,0.00E+00,0.00E+00,2.59E-01,7.55E-11,0.00E+00,0.00E+00,7.55E-11
3.27E+10,4.01E+02,0.00E+00,0.00E+00,4.01E+02,4.28E-07,0.00E+00,0.00E+00,4.28E-07,2.60E-01,0.00E+00,0.00E+00,2.60E-01,7.55E-11,0.00E+00,0.00E+00,7.55E-11
3.28E+10,4.02E+02,0.00E+00,0.00E+00,4.02E+02,4.28E-07,0.00E+00,0.00E+00,4.28E-07,2.60E-01,0.00E+00,0.00E+00,2.60E-01,7.55E-11,0.00E+00,0.00E+00,7.55E-11
3.29E+10,4.02E+02,0.00E+00,0.00E+00,4.02E+02,4.28E-07,0.00E+00,0.00E+00,4.28E-07,2.61E-01,0.00E+00,0.00E+00,2.61E-01,7.55E-11,0.00E+00,0.00E+00,7.55E-11
3.30E+10,4.03E+02,0.00E+00,0.00E+00,4.03E+02,4.28E-07,0.00E+00,0.00E+00,4.28E-07,2.62E-01,0.00E+00,0.00E+00,2.62E-01,7.55E-11,0.00E+00,0.00E+00,7.55E-11
3.31E+10,4.04E+02,0.00E+00,0.00E+00,4.04E+02,4.28E-07,0.00E+00,0.00E+00,4.28E-07,2.63E-01,0.00E+00,0.00E+00,2.63E-01,7.55E-11,0.00E+00,0.00E+00,7.55E-11
3.32E+10,4.04E+02,0.00E+00,0.00E+00,4.04E+02,4.28E-07,0.00E+00,0.00E+00,4.28E-07,2.64E-01,0.00E+00,0.00E+00,2.64E-01,7.55E-11,0.00E+00,0.00E+00,7.55E-11
3.33E+10,4.05E+02,0.00E+00,0.00E+00,4.05E+02,4.28E-07,0.00E+00,0.00E+00,4.28E-07,2.64E-01,0.00E+00,0.00E+00,2.64E-01,7.55E-11,0.00E+00,0.00E+00,7.55E-11
3.34E+10,4.05E+02,0.00E+00,0.00E+00,4.05E+02,4.28E-07,0.00E+00,0.00E+00,4.28E-07,2.65E-01,0.00E+00,0.00E+00,2.65E-01,7.55E-11,0.00E+00,0.00E+00,7.55E-11
3.35E+10,4.06E+02,0.00E+00,0.00E+00,4.06E+02,4.28E-07,0.00E+00,0.00E+00,4.28E-07,2.66E-01,0.00E+00,0.00E+00,2.66E-01,7.55E-11,0.00E+00,0.00E+00,7.55E-11
3.36E+10,4.07E+02,0.00E+00,0.00E+00,4.07E+02,4.28E-07,0.00E+00,0.00E+00,4.28E-07,2.67E-01,0.00E+00,0.00E+00,2.67E-01,7.55E-11,0.00E+00,0.00E+00,7.55E-11
3.37E+10,4.07E+02,0.00E+00,0.00E+00,4.07E+02,4.28E-07,0.00E+00,0.00E+00,4.28E-07,2.68E-01,0.00E+00,0.00E+00,2.68E-01,7.55E-11,0.00E+00,0.00E+00,7.55E-11
3.38E+10,4.08E+02,0.00E+00,0.00E+00,4.08E+02,4.28E-07,0.00E+00,0.00E+00,4.28E-07,2.68E-01,0.00E+00,0.00E+00,2.68E-01,7.55E-11,0.00E+00,0.00E+00,7.55E-11
3.39E+10,4.08E+02,0.00E+00,0.00E+00,4.08E+02,4.28E-07,0.00E+00,0.00E+00,4.28E-07,2.69E-01,0.00E+00,0.00E+00,2.69E-01,7.55E-11,0.00E+00,0.00E+00,7.55E-11
3.40E+10,4.09E+02,0.00E+00,0.00E+00,4.09E+02,4.27E-07,0.00E+00,0.00E+00,4.27E-07,2.70E-01,0.00E+00,0.00E+00,2.70E-01,7.55E-11,0.00E+00,0.00E+00,7.55E-11
3.41E+10,4.10E+02,0.00E+00,0.00E+00,4.10E+02,4.27E-07,0.00E+00,0.00E+00,4.27E-07,2.71E-01,0.00E+00,0.00E+00,2.71E-01,7.55E-11,0.00E+00,0.00E+00,7.55E-11
3.42E+10,4.10E+02,0.00E+00,0.00E+00,4.10E+02,4.27E-07,0.00E+00,0.00E+00,4.27E-07,2.72E-01,0.00E+00,0.00E+00,2.72E-01,7.55E-11,0.00E+00,0.00E+00,7.55E-11
3.43E+10,4.11E+02,0.00E+00,0.00E+00,4.11E+02,4.27E-07,0.00E+00,0.00E+00,4.27E-07,2.72E-01,0.00E+00,0.00E+00,2.72E-01,7.55E-11,0.00E+00,0.00E+00,7.55E-11
3.44E+10,4.11E+02,0.00E+00,0.00E+00,4.11E+02,4.27E-07,0.00E+00,0.00E+00,4.27E-07,2.73E-01,0.00E+00,0.00E+00,2.73E-01,7.55E-11,0.00E+00,0.00E+00,7.55E-11
3.45E+10,4.12E+02,0.00E+00,0.00E+00,4.12E+02,4.27E-07,0.00E+00,0.00E+00,4.27E-07,2.74E-01,0.00E+00,0.00E+00,2.74E-01,7.55E-11,0.00E+00,0.00E+00,7.55E-11
3.46E+10,4.13E+02,0.00E+00,0.00E+00,4.13E+02,4.27E-07,0.00E+00,0.00E+00,4.27E-07,2.75E-01,0.00E+00,0.00E+00,2.75E-01,7.55E-11,0.00E+00,0.00E+00,7.55E-11
3.47E+10,4.13E+02,0.00E+00,0.00E+00,4.13E+02,4.27E-07,0.00E+00,0.00E+00,4.27E-07,2.76E-01,0.00E+00,0.00E+00,2.76E-01,7.55E-11,0.00E+00,0.00E+00,7.55E-11
3.48E+10,4.14E+02,0.00E+00,0.00E+00,4.14E+02,4.27E-07,0.00E+00,0.00E+00,4.27E-07,2.76E-01,0.00E+00,0.00E+00,2.76E-01,7.55E-11,0.00E+00,0.00E+00,7.55E-11
3.49E+10,4.14E+02,0.00E+00,0.00E+00,4.14E+02,4.27E-07,0.00E+00,0.00E+00,4.27E-07,2.77E-01,0.00E+00,0.00E+00,2.77E-01,7.55E-11,0.00E+00,0.00E+00,7.55E-11
3.50E+10,4.15E+02,0.00E+00,0.00E+00,4.15E+02,4.27E-07,0.00E+00,0.00E+00,4.27E-07,2.78E-01,0.00E+00,0.00E+00,2.78E-01,7.55E-11,0.00E+00,0.00E+00,7.55E-11
3.51E+10,4.16E+02,0.00E+00,0.00E+00,4.16E+02,4.27E-07,0.00E+00,0.00E+00,4.27E-07,2.79E-01,0.00E+00,0.00E+00,2.79E-01,7.55E-11,0.00E+00,0.00E+00,7.55E-11
3.52E+10,4.16E+02,0.00E+00,0.00E+00,4.16E+02,4.27E-07,0.00E+00,0.00E+00,4.27E-07,2.80E-01,0.00E+00,0.00E+00,2.80E-01,7.55E-11,0.00E+00,0.00E+00,7.55E-11
3.53E+10,4.17E+02,0.00E+00,0.00E+00,4.17E+02,4.27E-07,0.00E+00,0.00E+00,4.27E-07,2.80E-01,0.00E+00,0.00E+00,2.80E-01,7.55E-11,0.00E+00,0.00E+00,7.55E-11
3.54E+10,4.17E+02,0.00E+00,0.00E+00,4.17E+02,4.27E-07,0.00E+00,0.00E+00,4.27E-07,2.81E-01,0.00E+00,0.00E+00,2.81E-01,7.55E-11,0.00E+00,0.00E+00,7.55E-11
3.55E+10,4.18E+02,0.00E+00,0.00E+00,4.18E+02,4.27E-07,0.00E+00,0.00E+00,4.27E-07,2.82E-01,0.00E+00,0.00E+00,2.82E-01,7.55E-11,0.00E+00,0.00E+00,7.55E-11
3.56E+10,4.19E+02,0.00E+00,0.00E+00,4.19E+02,4.27E-07,0.00E+00,0.00E+00,4.27E-07,2.83E-01,0.00E+00,0.00E+00,2.83E-01,7.55E-11,0.00E+00,0.00E+00,7.55E-11
3.57E+10,4.19E+02,0.00E+00,0.00E+00,4.19E+02,4.27E-07,0.00E+00,0.00E+00,4.27E-07,2.84E-01,0.00E+00,0.00E+00,2.84E-01,7.55E-11,0.00E+00,0.00E+00,7.55E-11
3.58E+10,4.20E+02,0.00E+00,0.00E+00,4.20E+02,4.27E-07,0.00E+00,0.00E+00,4.27E-07,2.84E-01,0.00E+00,0.00E+00,2.84E-01,7.55E-11,0.00E+00,0.00E+00,7.55E-11
3.59E+10,4.20E+02,0.00E+00,0.00E+00,4.20E+02,4.27E-07,0.00E+00,0.00E+00,4.27E-07,2.85E-01,0.00E+00,0.00E+00,2.85E-01,7.55E-11,0.00E+00,0.00E+00,7.55E-11
3.60E+10,4.21E+02,0.00E+00,0.00E+00,4.21E+02,4.27E-07,0.00E+00,0.00E+00,4.27E-07,2.86E-01,0.00E+00,0.00E+00,2.86E-01,7.55E-11,0.00E+00,0.00E+00,7.55E-11
3.61E+10,4.22E+02,0.00E+00,0.00E+00,4.22E+02,4.27E-07,0.00E+00,0.00E+00,4.27E-07,2.87E-01,0.00E+00,0.00E+00,2.87E-01,7.55E-11,0.00E+00,0.00E+00,7.55E-11
3.62E+10,4.22E+02,0.00E+00,0.00E+00,4.22E+02,4.27E-07,0.00E+00,0.00E+00,4.27E-07,2.87E-01,0.00E+00,0.00E+00,2.87E-01,7.55E-11,0.00E+00,0.00E+00,7.55E-11
3.63E+10,4.23E+02,0.00E+00,0.00E+00,4.23E+02,4.27E-07,0.00E+00,0.00E+00,4.27E-07,2.88E-01,0.00E+00,0.00E+00,2.88E-01,7.55E-11,0.00E+00,0.00E+00,7.55E-11
3.64E+10,4.23E+02,0.00E+00,0.00E+00,4.23E+02,4.27E-07,0.00E+00,0.00E+00,4.27E-07,2.89E-01,0.00E+00,0.00E+00,2.89E-01,7.55E-11,0.00E+00,0.00E+00,7.55E-11
3.65E+10,4.24E+02,0.00E+00,0.00E+00,4.24E+02,4.27E-07,0.00E+00,0.00E+00,4.27E-07,2.90E-01,0.00E+00,0.00E+00,2.90E-01,7.55E-11,0.00E+00,0.00E+00,7.55E-11
3.66E+10,4.24E+02,0.00E+00,0.00E+00,4.24E+02,4.27E-07,0.00E+00,0.00E+00,4.27E-07,2.91E-01,0.00E+00,0.00E+00,2.91E-01,7.55E-11,0.00E+00,0.00E+00,7.55E-11
3.67E+10,4.25E+02,0.00E+00,0.00E+00,4.25E+02,4.27E-07,0.00E+00,0.00E+00,4.27E-07,2.91E-01,0.00E+00,0.00E+00,2.91E-01,7.55E-11,0.00E+00,0.00E+00,7.55E-11
3.68E+10,4.26E+02,0.00E+00,0.00E+00,4.26E+02,4.27E-07,0.00E+00,0.00E+00,4.27E-07,2.92E-01,0.00E+00,0.00E+00,2.92E-01,7.55E-11,0.00E+00,0.00E+00,7.55E-11
3.69E+10,4.26E+02,0.00E+00,0.00E+00,4.26E+02,4.27E-07,0.00E+00,0.00E+00,4.27E-07,2.93E-01,0.00E+00,0.00E+00,2.93E-01,7.55E-11,0.00E+00,0.00E+00,7.55E-11
3.70E+10,4.27E+02,0.00E+00,0.00E+00,4.27E+02,4.27E-07,0.00E+00,0.00E+00,4.27E-07,2.94E-01,0.00E+00,0.00E+00,2.94E-01,7.55E-11,0.00E+00,0.00E+00,7.55E-11
3.71E+10,4.27E+02,0.00E+00,0.00E+00,4.27E+02,4.27E-07,0.00E+00,0.00E+00,4.27E-07,2.95E-01,0.00E+00,0.00E+00,2.95E-01,7.55E-11,0.00E+00,0.00E+00,7.55E-11
3.72E+10,4.28E+02,0.00E+00,0.00E+00,4.28E+02,4.27E-07,0.00E+00,0.00E+00,4.27E-07,2.95E-01,0.00E+00,0.00E+00,2.95E-01,7.55E-11,0.00E+00,0.00E+00,7.55E-11
3.73E+10,4.28E+02,0.00E+00,0.00E+00,4.28E+02,4.27E-07,0.00E+00,0.00E+00,4.27E-07,2.96E-01,0.00E+00,0.00E+00,2.96E-01,7.55E-11,0.00E+00,0.00E+00,7.55E-11
3.74E+10,4.29E+02,0.00E+00,0.00E+00,4.29E+02,4.27E-07,0.00E+00,0.00E+00,4.27E-07,2.97E-01,0.00E+00,0.00E+00,2.97E-01,7.55E-11,0.00E+00,0.00E+00,7.55E-11
3.75E+10,4.30E+02,0.00E+00,0.00E+00,4.30E+02,4.27E-07,0.00E+00,0.00E+00,4.27E-07,2.98E-01,0.00E+00,0.00E+00,2.98E-01,7.55E-11,0.00E+00,0.00E+00,7.55E-11
3.76E+10,4.30E+02,0.00E+00,0.00E+00,4.30E+02,4.27E-07,0.00E+00,0.00E+00,4.27E-07,2.99E-01,0.00E+00,0.00E+00,2.99E-01,7.55E-11,0.00E+00,0.00E+00,7.55E-11
3.77E+10,4.31E+02,0.00E+00,0.00E+00,4.31E+02,4.27E-07,0.00E+00,0.00E+00,4.27E-07,2.99E-01,0.00E+00,0.00E+00,2.99E-01,7.55E-11,0.00E+00,0.00E+00,7.55E-11
3.78E+10,4.31E+02,0.00E+00,0.00E+00,4.31E+02,4.27E-07,0.00E+00,0.00E+00,4.27E-07,3.00E-01,0.00E+00,0.00E+00,3.00E-01,7.55E-11,0.00E+00,0.00E+00,7.55E-11
3.79E+10,4.32E+02,0.00E+00,0.00E+00,4.32E+02,4.27E-07,0.00E+00,0.00E+00,4.27E-07,3.01E-01,0.00E+00,0.00E+00,3.01E-01,7.55E-11,0.00E+00,0.00E+00,7.55E-11
3.80E+10,4.33E+02,0.00E+00,0.00E+00,4.33E+02,4.27E-07,0.00E+00,0.00E+00,4.27E-07,3.02E-01,0.00E+00,0.00E+00,3.02E-01,7.55E-11,0.00E+00,0.00E+00,7.55E-11
3.81E+10,4.33E+02,0.00E+00,0.00E+00,4.33E+02,4.27E-07,0.00E+00,0.00E+00,4.27E-07,3.03E-01,0.00E+00,0.00E+00,3.03E-01,7.55E-11,0.00E+00,0.00E+00,7.55E-11
3.82E+10,4.34E+02,0.00E+00,0.00E+00,4.34E+02,4.27E-07,0.00E+00,0.00E+00,4.27E-07,3.03E-01,0.00E+00,0.00E+00,3.03E-01,7.55E-11,0.00E+00,0.00E+00,7.55E-11
3.83E+10,4.34E+02,0.00E+00,0.00E+00,4.34E+02,4.27E-07,0.00E+00,0.00E+00,4.27E-07,3.04E-01,0.00E+00,0.00E+00,3.04E-01,7.55E-11,0.00E+00,0.00E+00,7.55E-11
3.84E+10,4.35E+02,0.00E+00,0.00E+00,4.35E+02,4.27E-07,0.00E+00,0.00E+00,4.27E-07,3.05E-01,0.00E+00,0.00E+00,3.05E-01,7.55E-11,0.00E+00,0.00E+00,7.55E-11
3.85E+10,4.35E+02,0.00E+00,0.00E+00,4.35E+02,4.27E-07,0.00E+00,0.00E+00,4.27E-07,3.06E-01,0.00E+00,0.00E+00,3.06E-01,7.55E-11,0.00E+00,0.00E+00,7.55E-11
3.86E+10,4.36E+02,0.00E+00,0.00E+00,4.36E+02,4.27E-07,0.00E+00,0.00E+00,4.27E-07,3.07E-01,0.00E+00,0.00E+00,3.07E-01,7.55E-11,0.00E+00,0.00E+00,7.55E-11
3.87E+10,4.36E+02,0.00E+00,0.00E+00,4.36E+02,4.27E-07,0.00E+00,0.00E+00,4.27E-07,3.07E-01,0.00E+00,0.00E+00,3.07E-01,7.55E-11,0.00E+00,0.00E+00,7.55E-11
3.88E+10,4.37E+02,0.00E+00,0.00E+00,4.37E+02,4.27E-07,0.00E+00,0.00E+00,4.27E-07,3.08E-01,0.00E+00,0.00E+00,3.08E-01,7.55E-11,0.00E+00,0.00E+00,7.55E-11
3.89E+10,4.38E+02,0.00E+00,0.00E+00,4.38E+02,4.27E-07,0.00E+00,0.00E+00,4.27E-07,3.09E-01,0.00E+00,0.00E+00,3.09E-01,7.55E-11,0.00E+00,0.00E+00,7.55E-11
3.90E+10,4.38E+02,0.00E+00,0.00E+00,4.38E+02,4.27E-07,0.00E+00,0.00E+00,4.27E-07,3.10E-01,0.00E+00,0.00E+00,3.10E-01,7.55E-11,0.00E+00,0.00E+00,7.55E-11
3.91E+10,4.39E+02,0.00E+00,0.00E+00,4.39E+02,4.27E-07,0.00E+00,0.00E+00,4.27E-07,3.11E-01,0.00E+00,0.00E+00,3.11E-01,7.55E-11,0.00E+00,0.00E+00,7.55E-11
3.92E+10,4.39E+02,0.00E+00,0.00E+00,4.39E+02,4.27E-07,0.00E+00,0.00E+00,4.27E-07,3.11E-01,0.00E+00,0.00E+00,3.11E-01,7.55E-11,0.00E+00,0.00E+00,7.55E-11
3.93E+10,4.40E+02,0.00E+00,0.00E+00,4.40E+02,4.27E-07,0.00E+00,0.00E+00,4.27E-07,3.12E-01,0.00E+00,0.00E+00,3.12E-01,7.55E-11,0.00E+00,0.00E+00,7.55E-11
3.94E+10,4.40E+02,0.00E+00,0.00E+00,4.40E+02,4.27E-07,0.00E+00,0.00E+00,4.27E-07,3.13E-01,0.00E+00,0.00E+00,3.13E-01,7.55E-11,0.00E+00,0.00E+00,7.55E-11
3.95E+10,4.41E+02,0.00E+00,0.00E+00,4.41E+02,4.27E-07,0.00E+00,0.00E+00,4.27E-07,3.14E-01,0.00E+00,0.00E+00,3.14E-01,7.55E-11,0.00E+00,0.00E+00,7.55E-11
3.96E+10,4.42E+02,0.00E+00,0.00E+00,4.42E+02,4.27E-07,0.00E+00,0.00E+00,4.27E-07,3.14E-01,0.00E+00,0.00E+00,3.14E-01,7.55E-11,0.00E+00,0.00E+00,7.55E-11
3.97E+10,4.42E+02,0.00E+00,0.00E+00,4.42E+02,4.27E-07,0.00E+00,0.00E+00,4.27E-07,3.15E-01,0.00E+00,0.00E+00,3.15E-01,7.55E-11,0.00E+00,0.00E+00,7.55E-11
3.98E+10,4.43E+02,0.00E+00,0.00E+00,4.43E+02,4.27E-07,0.00E+00,0.00E+00,4.27E-07,3.16E-01,0.00E+00,0.00E+00,3.16E-01,7.55E-11,0.00E+00,0.00E+00,7.55E-11
3.99E+10,4.43E+02,0.00E+00,0.00E+00,4.43E+02,4.27E-07,0.00E+00,0.00E+00,4.27E-07,3.17E-01,0.00E+00,0.00E+00,3.17E-01,7.55E-11,0.00E+00,0.00E+00,7.55E-11
4.00E+10,4.44E+02,0.00E+00,0.00E+00,4.44E+02,4.27E-07,0.00E+00,0.00E+00,4.27E-07,3.18E-01,0.00E+00,0.00E+00,3.18E-01,7.55E-11,0.00E+00,0.00E+00,7.55E-11
4.01E+10,4.44E+02,0.00E+00,0.00E+00,4.44E+02,4.27E-07,0.00E+00,0.00E+00,4.27E-07,3.18E-01,0.00E+00,0.00E+00,3.18E-01,7.55E-11,0.00E+00,0.00E+00,7.55E-11
4.02E+10,4.45E+02,0.00E+00,0.00E+00,4.45E+02,4.27E-07,0.00E+00,0.00E+00,4.27E-07,3.19E-01,0.00E+00,0.00E+00,3.19E-01,7.55E-11,0.00E+00,0.00E+00,7.55E-11
4.03E+10,4.45E+02,0.00E+00,0.00E+00,4.45E+02,4.27E-07,0.00E+00,0.00E+00,4.27E-07,3.20E-01,0.00E+00,0.00E+00,3.20E-01,7.55E-11,0.00E+00,0.00E+00,7.55E-11
4.04E+10,4.46E+02,0.00E+00,0.00E+00,4.46E+02,4.27E-07,0.00E+00,0.00E+00,4.27E-07,3.21E-01,0.00E+00,0.00E+00,3.21E-01,7.55E-11,0.00E+00,0.00E+00,7.55E-11
4.05E+10,4.47E+02,0.00E+00,0.00E+00,4.47E+02,4.27E-07,0.00E+00,0.00E+00,4.27E-07,3.22E-01,0.00E+00,0.00E+00,3.22E-01,7.55E-11,0.00E+00,0.00E+00,7.55E-11
4.06E+10,4.47E+02,0.00E+00,0.00E+00,4.47E+02,4.27E-07,0.00E+00,0.00E+00,4.27E-07,3.22E-01,0.00E+00,0.00E+00,3.22E-01,7.55E-11,0.00E+00,0.00E+00,7.55E-11
4.07E+10,4.48E+02,0.00E+00,0.00E+00,4.48E+02,4.27E-07,0.00E+00,0.00E+00,4.27E-07,3.23E-01,0.00E+00,0.00E+00,3.23E-01,7.55E-11,0.00E+00,0.00E+00,7.55E-11
4.08E+10,4.48E+02,0.00E+00,0.00E+00,4.48E+02,4.27E-07,0.00E+00,0.00E+00,4.27E-07,3.24E-01,0.00E+00,0.00E+00,3.24E-01,7.55E-11,0.00E+00,0.00E+00,7.55E-11
4.09E+10,4.49E+02,0.00E+00,0.00E+00,4.49E+02,4.27E-07,0.00E+00,0.00E+00,4.27E-07,3.25E-01,0.00E+00,0.00E+00,3.25E-01,7.55E-11,0.00E+00,0.00E+00,7.55E-11
4.10E+10,4.49E+02,0.00E+00,0.00E+00,4.49E+02,4.27E-07,0.00E+00,0.00E+00,4.27E-07,3.26E-01,0.00E+00,0.00E+00,3.26E-01,7.55E-11,0.00E+00,0.00E+00,7.55E-11
4.11E+10,4.50E+02,0.00E+00,0.00E+00,4.50E+02,4.27E-07,0.00E+00,0.00E+00,4.27E-07,3.26E-01,0.00E+00,0.00E+00,3.26E-01,7.55E-11,0.00E+00,0.00E+00,7.55E-11
4.12E+10,4.50E+02,0.00E+00,0.00E+00,4.50E+02,4.27E-07,0.00E+00,0.00E+00,4.27E-07,3.27E-01,0.00E+00,0.00E+00,3.27E-01,7.55E-11,0.00E+00,0.00E+00,7.55E-11
4.13E+10,4.51E+02,0.00E+00,0.00E+00,4.51E+02,4.27E-07,0.00E+00,0.00E+00,4.27E-07,3.28E-01,0.00E+00,0.00E+00,3.28E-01,7.55E-11,0.00E+00,0.00E+00,7.55E-11
4.14E+10,4.51E+02,0.00E+00,0.00E+00,4.51E+02,4.27E-07,0.00E+00,0.00E+00,4.27E-07,3.29E-01,0.00E+00,0.00E+00,3.29E-01,7.55E-11,0.00E+00,0.00E+00,7.55E-11
4.15E+10,4.52E+02,0.00E+00,0.00E+00,4.52E+02,4.27E-07,0.00E+00,0.00E+00,4.27E-07,3.30E-01,0.00E+00,0.00E+00,3.30E-01,7.55E-11,0.00E+00,0.00E+00,7.55E-11
4.16E+10,4.53E+02,0.00E+00,0.00E+00,4.53E+02,4.27E-07,0.00E+00,0.00E+00,4.27E-07,3.30E-01,0.00E+00,0.00E+00,3.30E-01,7.55E-11,0.00E+00,0.00E+00,7.55E-11
4.17E+10,4.53E+02,0.00E+00,0.00E+00,4.53E+02,4.27E-07,0.00E+00,0.00E+00,4.27E-07,3.31E-01,0.00E+00,0.00E+00,3.31E-01,7.55E-11,0.00E+00,0.00E+00,7.55E-11
4.18E+10,4.54E+02,0.00E+00,0.00E+00,4.54E+02,4.27E-07,0.00E+00,0.00E+00,4.27E-07,3.32E-01,0.00E+00,0.00E+00,3.32E-01,7.55E-11,0.00E+00,0.00E+00,7.55E-11
4.19E+10,4.54E+02,0.00E+00,0.00E+00,4.54E+02,4.27E-07,0.00E+00,0.00E+00,4.27E-07,3.33E-01,0.00E+00,0.00E+00,3.33E-01,7.55E-11,0.00E+00,0.00E+00,7.55E-11
4.20E+10,4.55E+02,0.00E+00,0.00E+00,4.55E+02,4.27E-07,0.00E+00,0.00E+00,4.27E-07,3.34E-01,0.00E+00,0.00E+00,3.34E-01,7.55E-11,0.00E+00,0.00E+00,7.55E-11
4.21E+10,4.55E+02,0.00E+00,0.00E+00,4.55E+02,4.27E-07,0.00E+00,0.00E+00,4.27E-07,3.34E-01,0.00E+00,0.00E+00,3.34E-01,7.55E-11,0.00E+00,0.00E+00,7.55E-11
4.22E+10,4.56E+02,0.00E+00,0.00E+00,4.56E+02,4.27E-07,0.00E+00,0.00E+00,4.27E-07,3.35E-01,0.00E+00,0.00E+00,3.35E-01,7.55E-11,0.00E+00,0.00E+00,7.55E-11
4.23E+10,4.56E+02,0.00E+00,0.00E+00,4.56E+02,4.27E-07,0.00E+00,0.00E+00,4.27E-07,3.36E-01,0.00E+00,0.00E+00,3.36E-01,7.55E-11,0.00E+00,0.00E+00,7.55E-11
4.24E+10,4.57E+02,0.00E+00,0.00E+00,4.57E+02,4.27E-07,0.00E+00,0.00E+00,4.27E-07,3.37E-01,0.00E+00,0.00E+00,3.37E-01,7.55E-11,0.00E+00,0.00E+00,7.55E-11
4.25E+10,4.57E+02,0.00E+00,0.00E+00,4.57E+02,4.27E-07,0.00E+00,0.00E+00,4.27E-07,3.38E-01,0.00E+00,0.00E+00,3.38E-01,7.55E-11,0.00E+00,0.00E+00,7.55E-11
4.26E+10,4.58E+02,0.00E+00,0.00E+00,4.58E+02,4.27E-07,0.00E+00,0.00E+00,4.27E-07,3.38E-01,0.00E+00,0.00E+00,3.38E-01,7.55E-11,0.00E+00,0.00E+00,7.55E-11
4.27E+10,4.58E+02,0.00E+00,0.00E+00,4.58E+02,4.27E-07,0.00E+00,0.00E+00,4.27E-07,3.39E-01,0.00E+00,0.00E+00,3.39E-01,7.55E-11,0.00E+00,0.00E+00,7.55E-11
4.28E+10,4.59E+02,0.00E+00,0.00E+00,4.59E+02,4.27E-07,0.00E+00,0.00E+00,4.27E-07,3.40E-01,0.00E+00,0.00E+00,3.40E-01,7.55E-11,0.00E+00,0.00E+00,7.55E-11
4.29E+10,4.60E+02,0.00E+00,0.00E+00,4.60E+02,4.27E-07,0.00E+00,0.00E+00,4.27E-07,3.41E-01,0.00E+00,0.00E+00,3.41E-01,7.55E-11,0.00E+00,0.00E+00,7.55E-11
4.30E+10,4.60E+02,0.00E+00,0.00E+00,4.60E+02,4.27E-07,0.00E+00,0.00E+00,4.27E-07,3.41E-01,0.00E+00,0.00E+00,3.41E-01,7.55E-11,0.00E+00,0.00E+00,7.55E-11
4.31E+10,4.61E+02,0.00E+00,0.00E+00,4.61E+02,4.27E-07,0.00E+00,0.00E+00,4.27E-07,3.42E-01,0.00E+00,0.00E+00,3.42E-01,7.55E-11,0.00E+00,0.00E+00,7.55E-11
4.32E+10,4.61E+02,0.00E+00,0.00E+00,4.61E+02,4.27E-07,0.00E+00,0.00E+00,4.27E-07,3.43E-01,0.00E+00,0.00E+00,3.43E-01,7.55E-11,0.00E+00,0.00E+00,7.55E-11
4.33E+10,4.62E+02,0.00E+00,0.00E+00,4.62E+02,4.27E-07,0.00E+00,0.00E+00,4.27E-07,3.44E-01,0.00E+00,0.00E+00,3.44E-01,7.55E-11,0.00E+00,0.00E+00,7.55E-11
4.34E+10,4.62E+02,0.00E+00,0.00E+00,4.62E+02,4.27E-07,0.00E+00,0.00E+00,4.27E-07,3.45E-01,0.00E+00,0.00E+00,3.45E-01,7.55E-11,0.00E+00,0.00E+00,7.55E-11
4.35E+10,4.63E+02,0.00E+00,0.00E+00,4.63E+02,4.27E-07,0.00E+00,0.00E+00,4.27E-07,3.45E-01,0.00E+00,0.00E+00,3.45E-01,7.55E-11,0.00E+00,0.00E+00,7.55E-11
4.36E+10,4.63E+02,0.00E+00,0.00E+00,4.63E+02,4.27E-07,0.00E+00,0.00E+00,4.27E-07,3.46E-01,0.00E+00,0.00E+00,3.46E-01,7.55E-11,0.00E+00,0.00E+00,7.55E-11
4.37E+10,4.64E+02,0.00E+00,0.00E+00,4.64E+02,4.27E-07,0.00E+00,0.00E+00,4.27E-07,3.47E-01,0.00E+00,0.00E+00,3.47E-01,7.55E-11,0.00E+00,0.00E+00,7.55E-11
4.38E+10,4.64E+02,0.00E+00,0.00E+00,4.64E+02,4.27E-07,0.00E+00,0.00E+00,4.27E-07,3.48E-01,0.00E+00,0.00E+00,3.48E-01,7.55E-11,0.00E+00,0.00E+00,7.55E-11
4.39E+10,4.65E+02,0.00E+00,0.00E+00,4.65E+02,4.27E-07,0.00E+00,0.00E+00,4.27E-07,3.49E-01,0.00E+00,0.00E+00,3.49E-01,7.55E-11,0.00E+00,0.00E+00,7.55E-11
4.40E+10,4.65E+02,0.00E+00,0.00E+00,4.65E+02,4.27E-07,0.00E+00,0.00E+00,4.27E-07,3.49E-01,0.00E+00,0.00E+00,3.49E-01,7.55E-11,0.00E+00,0.00E+00,7.55E-11
4.41E+10,4.66E+02,0.00E+00,0.00E+00,4.66E+02,4.27E-07,0.00E+00,0.00E+00,4.27E-07,3.50E-01,0.00E+00,0.00E+00,3.50E-01,7.55E-11,0.00E+00,0.00E+00,7.55E-11
4.42E+10,4.66E+02,0.00E+00,0.00E+00,4.66E+02,4.27E-07,0.00E+00,0.00E+00,4.27E-07,3.51E-01,0.00E+00,0.00E+00,3.51E-01,7.55E-11,0.00E+00,0.00E+00,7.55E-11
4.43E+10,4.67E+02,0.00E+00,0.00E+00,4.67E+02,4.27E-07,0.00E+00,0.00E+00,4.27E-07,3.52E-01,0.00E+00,0.00E+00,3.52E-01,7.55E-11,0.00E+00,0.00E+00,7.55E-11
4.44E+10,4.68E+02,0.00E+00,0.00E+00,4.68E+02,4.27E-07,0.00E+00,0.00E+00,4.27E-07,3.53E-01,0.00E+00,0.00E+00,3.53E-01,7.55E-11,0.00E+00,0.00E+00,7.55E-11
4.45E+10,4.68E+02,0.00E+00,0.00E+00,4.68E+02,4.27E-07,0.00E+00,0.00E+00,4.27E-07,3.53E-01,0.00E+00,0.00E+00,3.53E-01,7.55E-11,0.00E+00,0.00E+00,7.55E-11
4.46E+10,4.69E+02,0.00E+00,0.00E+00,4.69E+02,4.27E-07,0.00E+00,0.00E+00,4.27E-07,3.54E-01,0.00E+00,0.00E+00,3.54E-01,7.55E-11,0.00E+00,0.00E+00,7.55E-11
4.47E+10,4.69E+02,0.00E+00,0.00E+00,4.69E+02,4.27E-07,0.00E+00,0.00E+00,4.27E-07,3.55E-01,0.00E+00,0.00E+00,3.55E-01,7.55E-11,0.00E+00,0.00E+00,7.55E-11
4.48E+10,4.70E+02,0.00E+00,0.00E+00,4.70E+02,4.27E-07,0.00E+00,0.00E+00,4.27E-07,3.56E-01,0.00E+00,0.00E+00,3.56E-01,7.55E-11,0.00E+00,0.00E+00,7.55E-11
4.49E+10,4.70E+02,0.00E+00,0.00E+00,4.70E+02,4.27E-07,0.00E+00,0.00E+00,4.27E-07,3.57E-01,0.00E+00,0.00E+00,3.57E-01,7.55E-11,0.00E+00,0.00E+00,7.55E-11
4.50E+10,4.71E+02,0.00E+00,0.00E+00,4.71E+02,4.27E-07,0.00E+00,0.00E+00,4.27E-07,3.57E-01,0.00E+00,0.00E+00,3.57E-01,7.55E-11,0.00E+00,0.00E+00,7.55E-11
4.51E+10,4.71E+02,0.00E+00,0.00E+00,4.71E+02,4.27E-07,0.00E+00,0.00E+00,4.27E-07,3.58E-01,0.00E+00,0.00E+00,3.58E-01,7.55E-11,0.00E+00,0.00E+00,7.55E-11
4.52E+10,4.72E+02,0.00E+00,0.00E+00,4.72E+02,4.27E-07,0.00E+00,0.00E+00,4.27E-07,3.59E-01,0.00E+00,0.00E+00,3.59E-01,7.55E-11,0.00E+00,0.00E+00,7.55E-11
4.53E+10,4.72E+02,0.00E+00,0.00E+00,4.72E+02,4.27E-07,0.00E+00,0.00E+00,4.27E-07,3.60E-01,0.00E+00,0.00E+00,3.60E-01,7.55E-11,0.00E+00,0.00E+00,7.55E-11
4.54E+10,4.73E+02,0.00E+00,0.00E+00,4.73E+02,4.27E-07,0.00E+00,0.00E+00,4.27E-07,3.61E-01,0.00E+00,0.00E+00,3.61E-01,7.55E-11,0.00E+00,0.00E+00,7.55E-11
4.55E+10,4.73E+02,0.00E+00,0.00E+00,4.73E+02,4.27E-07,0.00E+00,0.00E+00,4.27E-07,3.61E-01,0.00E+00,0.00E+00,3.61E-01,7.55E-11,0.00E+00,0.00E+00,7.55E-11
4.56E+10,4.74E+02,0.00E+00,0.00E+00,4.74E+02,4.27E-07,0.00E+00,0.00E+00,4.27E-07,3.62E-01,0.00E+00,0.00E+00,3.62E-01,7.55E-11,0.00E+00,0.00E+00,7.55E-11
4.57E+10,4.74E+02,0.00E+00,0.00E+00,4.74E+02,4.27E-07,0.00E+00,0.00E+00,4.27E-07,3.63E-01,0.00E+00,0.00E+00,3.63E-01,7.55E-11,0.00E+00,0.00E+00,7.55E-11
4.58E+10,4.75E+02,0.00E+00,0.00E+00,4.75E+02,4.27E-07,0.00E+00,0.00E+00,4.27E-07,3.64E-01,0.00E+00,0.00E+00,3.64E-01,7.55E-11,0.00E+00,0.00E+00,7.55E-11
4.59E+10,4.75E+02,0.00E+00,0.00E+00,4.75E+02,4.27E-07,0.00E+00,0.00E+00,4.27E-07,3.65E-01,0.00E+00,0.00E+00,3.65E-01,7.55E-11,0.00E+00,0.00E+00,7.55E-11
4.60E+10,4.76E+02,0.00E+00,0.00E+00,4.76E+02,4.27E-07,0.00E+00,0.00E+00,4.27E-07,3.65E-01,0.00E+00,0.00E+00,3.65E-01,7.55E-11,0.00E+00,0.00E+00,7.55E-11
4.61E+10,4.76E+02,0.00E+00,0.00E+00,4.76E+02,4.27E-07,0.00E+00,0.00E+00,4.27E-07,3.66E-01,0.00E+00,0.00E+00,3.66E-01,7.55E-11,0.00E+00,0.00E+00,7.55E-11
4.62E+10,4.77E+02,0.00E+00,0.00E+00,4.77E+02,4.27E-07,0.00E+00,0.00E+00,4.27E-07,3.67E-01,0.00E+00,0.00E+00,3.67E-01,7.55E-11,0.00E+00,0.00E+00,7.55E-11
4.63E+10,4.77E+02,0.00E+00,0.00E+00,4.77E+02,4.27E-07,0.00E+00,0.00E+00,4.27E-07,3.68E-01,0.00E+00,0.00E+00,3.68E-01,7.55E-11,0.00E+00,0.00E+00,7.55E-11
4.64E+10,4.78E+02,0.00E+00,0.00E+00,4.78E+02,4.27E-07,0.00E+00,0.00E+00,4.27E-07,3.68E-01,0.00E+00,0.00E+00,3.68E-01,7.55E-11,0.00E+00,0.00E+00,7.55E-11
4.65E+10,4.78E+02,0.00E+00,0.00E+00,4.78E+02,4.27E-07,0.00E+00,0.00E+00,4.27E-07,3.69E-01,0.00E+00,0.00E+00,3.69E-01,7.55E-11,0.00E+00,0.00E+00,7.55E-11
4.66E+10,4.79E+02,0.00E+00,0.00E+00,4.79E+02,4.27E-07,0.00E+00,0.00E+00,4.27E-07,3.70E-01,0.00E+00,0.00E+00,3.70E-01,7.55E-11,0.00E+00,0.00E+00,7.55E-11
4.67E+10,4.79E+02,0.00E+00,0.00E+00,4.79E+02,4.27E-07,0.00E+00,0.00E+00,4.27E-07,3.71E-01,0.00E+00,0.00E+00,3.71E-01,7.55E-11,0.00E+00,0.00E+00,7.55E-11
4.68E+10,4.80E+02,0.00E+00,0.00E+00,4.80E+02,4.27E-07,0.00E+00,0.00E+00,4.27E-07,3.72E-01,0.00E+00,0.00E+00,3.72E-01,7.55E-11,0.00E+00,0.00E+00,7.55E-11
4.69E+10,4.81E+02,0.00E+00,0.00E+00,4.81E+02,4.27E-07,0.00E+00,0.00E+00,4.27E-07,3.72E-01,0.00E+00,0.00E+00,3.72E-01,7.55E-11,0.00E+00,0.00E+00,7.55E-11
4.70E+10,4.81E+02,0.00E+00,0.00E+00,4.81E+02,4.27E-07,0.00E+00,0.00E+00,4.27E-07,3.73E-01,0.00E+00,0.00E+00,3.73E-01,7.55E-11,0.00E+00,0.00E+00,7.55E-11
4.71E+10,4.82E+02,0.00E+00,0.00E+00,4.82E+02,4.27E-07,0.00E+00,0.00E+00,4.27E-07,3.74E-01,0.00E+00,0.00E+00,3.74E-01,7.55E-11,0.00E+00,0.00E+00,7.55E-11
4.72E+10,4.82E+02,0.00E+00,0.00E+00,4.82E+02,4.27E-07,0.00E+00,0.00E+00,4.27E-07,3.75E-01,0.00E+00,0.00E+00,3.75E-01,7.55E-11,0.00E+00,0.00E+00,7.55E-11
4.73E+10,4.83E+02,0.00E+00,0.00E+00,4.83E+02,4.27E-07,0.00E+00,0.00E+00,4.27E-07,3.76E-01,0.00E+00,0.00E+00,3.76E-01,7.55E-11,0.00E+00,0.00E+00,7.55E-11
4.74E+10,4.83E+02,0.00E+00,0.00E+00,4.83E+02,4.27E-07,0.00E+00,0.00E+00,4.27E-07,3.76E-01,0.00E+00,0.00E+00,3.76E-01,7.55E-11,0.00E+00,0.00E+00,7.55E-11
4.75E+10,4.84E+02,0.00E+00,0.00E+00,4.84E+02,4.27E-07,0.00E+00,0.00E+00,4.27E-07,3.77E-01,0.00E+00,0.00E+00,3.77E-01,7.55E-11,0.00E+00,0.00E+00,7.55E-11
4.76E+10,4.84E+02,0.00E+00,0.00E+00,4.84E+02,4.27E-07,0.00E+00,0.00E+00,4.27E-07,3.78E-01,0.00E+00,0.00E+00,3.78E-01,7.55E-11,0.00E+00,0.00E+00,7.55E-11
4.77E+10,4.85E+02,0.00E+00,0.00E+00,4.85E+02,4.27E-07,0.00E+00,0.00E+00,4.27E-07,3.79E-01,0.00E+00,0.00E+00,3.79E-01,7.55E-11,0.00E+00,0.00E+00,7.55E-11
4.78E+10,4.85E+02,0.00E+00,0.00E+00,4.85E+02,4.27E-07,0.00E+00,0.00E+00,4.27E-07,3.80E-01,0.00E+00,0.00E+00,3.80E-01,7.55E-11,0.00E+00,0.00E+00,7.55E-11
4.79E+10,4.86E+02,0.00E+00,0.00E+00,4.86E+02,4.27E-07,0.00E+00,0.00E+00,4.27E-07,3.80E-01,0.00E+00,0.00E+00,3.80E-01,7.55E-11,0.00E+00,0.00E+00,7.55E-11
4.80E+10,4.86E+02,0.00E+00,0.00E+00,4.86E+02,4.27E-07,0.00E+00,0.00E+00,4.27E-07,3.81E-01,0.00E+00,0.00E+00,3.81E-01,7.55E-11,0.00E+00,0.00E+00,7.55E-11
4.81E+10,4.87E+02,0.00E+00,0.00E+00,4.87E+02,4.27E-07,0.00E+00,0.00E+00,4.27E-07,3.82E-01,0.00E+00,0.00E+00,3.82E-01,7.55E-11,0.00E+00,0.00E+00,7.55E-11
4.82E+10,4.87E+02,0.00E+00,0.00E+00,4.87E+02,4.27E-07,0.00E+00,0.00E+00,4.27E-07,3.83E-01,0.00E+00,0.00E+00,3.83E-01,7.55E-11,0.00E+00,0.00E+00,7.55E-11
4.83E+10,4.88E+02,0.00E+00,0.00E+00,4.88E+02,4.27E-07,0.00E+00,0.00E+00,4.27E-07,3.84E-01,0.00E+00,0.00E+00,3.84E-01,7.55E-11,0.00E+00,0.00E+00,7.55E-11
4.84E+10,4.88E+02,0.00E+00,0.00E+00,4.88E+02,4.27E-07,0.00E+00,0.00E+00,4.27E-07,3.84E-01,0.00E+00,0.00E+00,3.84E-01,7.55E-11,0.00E+00,0.00E+00,7.55E-11
4.85E+10,4.89E+02,0.00E+00,0.00E+00,4.89E+02,4.27E-07,0.00E+00,0.00E+00,4.27E-07,3.85E-01,0.00E+00,0.00E+00,3.85E-01,7.55E-11,0.00E+00,0.00E+00,7.55E-11
4.86E+10,4.89E+02,0.00E+00,0.00E+00,4.89E+02,4.27E-07,0.00E+00,0.00E+00,4.27E-07,3.86E-01,0.00E+00,0.00E+00,3.86E-01,7.55E-11,0.00E+00,0.00E+00,7.55E-11
4.87E+10,4.90E+02,0.00E+00,0.00E+00,4.90E+02,4.27E-07,0.00E+00,0.00E+00,4.27E-07,3.87E-01,0.00E+00,0.00E+00,3.87E-01,7.55E-11,0.00E+00,0.00E+00,7.55E-11
4.88E+10,4.90E+02,0.00E+00,0.00E+00,4.90E+02,4.27E-07,0.00E+00,0.00E+00,4.27E-07,3.88E-01,0.00E+00,0.00E+00,3.88E-01,7.55E-11,0.00E+00,0.00E+00,7.55E-11
4.89E+10,4.91E+02,0.00E+00,0.00E+00,4.91E+02,4.27E-07,0.00E+00,0.00E+00,4.27E-07,3.88E-01,0.00E+00,0.00E+00,3.88E-01,7.55E-11,0.00E+00,0.00E+00,7.55E-11
4.90E+10,4.91E+02,0.00E+00,0.00E+00,4.91E+02,4.27E-07,0.00E+00,0.00E+00,4.27E-07,3.89E-01,0.00E+00,0.00E+00,3.89E-01,7.55E-11,0.00E+00,0.00E+00,7.55E-11
4.91E+10,4.92E+02,0.00E+00,0.00E+00,4.92E+02,4.27E-07,0.00E+00,0.00E+00,4.27E-07,3.90E-01,0.00E+00,0.00E+00,3.90E-01,7.55E-11,0.00E+00,0.00E+00,7.55E-11
4.92E+10,4.92E+02,0.00E+00,0.00E+00,4.92E+02,4.27E-07,0.00E+00,0.00E+00,4.27E-07,3.91E-01,0.00E+00,0.00E+00,3.91E-01,7.55E-11,0.00E+00,0.00E+00,7.55E-11
4.93E+10,4.93E+02,0.00E+00,0.00E+00,4.93E+02,4.27E-07,0.00E+00,0.00E+00,4.27E-07,3.92E-01,0.00E+00,0.00E+00,3.92E-01,7.55E-11,0.00E+00,0.00E+00,7.55E-11
4.94E+10,4.93E+02,0.00E+00,0.00E+00,4.93E+02,4.27E-07,0.00E+00,0.00E+00,4.27E-07,3.92E-01,0.00E+00,0.00E+00,3.92E-01,7.55E-11,0.00E+00,0.00E+00,7.55E-11
4.95E+10,4.94E+02,0.00E+00,0.00E+00,4.94E+02,4.27E-07,0.00E+00,0.00E+00,4.27E-07,3.93E-01,0.00E+00,0.00E+00,3.93E-01,7.55E-11,0.00E+00,0.00E+00,7.55E-11
4.96E+10,4.94E+02,0.00E+00,0.00E+00,4.94E+02,4.27E-07,0.00E+00,0.00E+00,4.27E-07,3.94E-01,0.00E+00,0.00E+00,3.94E-01,7.55E-11,0.00E+00,0.00E+00,7.55E-11
4.97E+10,4.95E+02,0.00E+00,0.00E+00,4.95E+02,4.27E-07,0.00E+00,0.00E+00,4.27E-07,3.95E-01,0.00E+00,0.00E+00,3.95E-01,7.55E-11,0.00E+00,0.00E+00,7.55E-11
4.98E+10,4.95E+02,0.00E+00,0.00E+00,4.95E+02,4.27E-07,0.00E+00,0.00E+00,4.27E-07,3.95E-01,0.00E+00,0.00E+00,3.95E-01,7.55E-11,0.00E+00,0.00E+00,7.55E-11
4.99E+10,4.96E+02,0.00E+00,0.00E+00,4.96E+02,4.27E-07,0.00E+00,0.00E+00,4.27E-07,3.96E-01,0.00E+00,0.00E+00,3.96E-01,7.55E-11,0.00E+00,0.00E+00,7.55E-11
5.00E+10,4.96E+02,0.00E+00,0.00E+00,4.96E+02,4.27E-07,0.00E+00,0.00E+00,4.27E-07,3.97E-01,0.00E+00,0.00E+00,3.97E-01,7.55E-11,0.00E+00,0.00E+00,7.55E-11
